month,year,record_type,label,url
2009-01,2009,yellow,Yellow Taxi Trip Records,https://d37ci6vzurychx.cloudfront.net/trip-data/yellow_tripdata_2009-01.parquet
2009-02,2009,yellow,Yellow Taxi Trip Records,https://d37ci6vzurychx.cloudfront.net/trip-data/yellow_tripdata_2009-02.parquet
2009-03,2009,yellow,Yellow Taxi Trip Records,https://d37ci6vzurychx.cloudfront.net/trip-data/yellow_tripdata_2009-03.parquet
2009-04,2009,yellow,Yellow Taxi Trip Records,https://d37ci6vzurychx.cloudfront.net/trip-data/yellow_tripdata_2009-04.parquet
2009-05,2009,yellow,Yellow Taxi Trip Records,https://d37ci6vzurychx.cloudfront.net/trip-data/yellow_tripdata_2009-05.parquet
2009-06,2009,yellow,Yellow Taxi Trip Records,https://d37ci6vzurychx.cloudfront.net/trip-data/yellow_tripdata_2009-06.parquet
2009-07,2009,yellow,Yellow Taxi Trip Records,https://d37ci6vzurychx.cloudfront.net/trip-data/yellow_tripdata_2009-07.parquet
2009-08,2009,yellow,Yellow Taxi Trip Records,https://d37ci6vzurychx.cloudfront.net/trip-data/yellow_tripdata_2009-08.parquet
2009-09,2009,yellow,Yellow Taxi Trip Records,https://d37ci6vzurychx.cloudfront.net/trip-data/yellow_tripdata_2009-09.parquet
2009-10,2009,yellow,Yellow Taxi Trip Records,https://d37ci6vzurychx.cloudfront.net/trip-data/yellow_tripdata_2009-10.parquet
2009-11,2009,yellow,Yellow Taxi Trip Records,https://d37ci6vzurychx.cloudfront.net/trip-data/yellow_tripdata_2009-11.parquet
2009-12,2009,yellow,Yellow Taxi Trip Records,https://d37ci6vzurychx.cloudfront.net/trip-data/yellow_tripdata_2009-12.parquet
2010-01,2010,yellow,Yellow Taxi Trip Records,https://d37ci6vzurychx.cloudfront.net/trip-data/yellow_tripdata_2010-01.parquet
2010-02,2010,yellow,Yellow Taxi Trip Records,https://d37ci6vzurychx.cloudfront.net/trip-data/yellow_tripdata_2010-02.parquet
2010-03,2010,yellow,Yellow Taxi Trip Records,https://d37ci6vzurychx.cloudfront.net/trip-data/yellow_tripdata_2010-03.parquet
2010-04,2010,yellow,Yellow Taxi Trip Records,https://d37ci6vzurychx.cloudfront.net/trip-data/yellow_tripdata_2010-04.parquet
2010-05,2010,yellow,Yellow Taxi Trip Records,https://d37ci6vzurychx.cloudfront.net/trip-data/yellow_tripdata_2010-05.parquet
2010-06,2010,yellow,Yellow Taxi Trip Records,https://d37ci6vzurychx.cloudfront.net/trip-data/yellow_tripdata_2010-06.parquet
2010-07,2010,yellow,Yellow Taxi Trip Records,https://d37ci6vzurychx.cloudfront.net/trip-data/yellow_tripdata_2010-07.parquet
2010-08,2010,yellow,Yellow Taxi Trip Records,https://d37ci6vzurychx.cloudfront.net/trip-data/yellow_tripdata_2010-08.parquet
2010-09,2010,yellow,Yellow Taxi Trip Records,https://d37ci6vzurychx.cloudfront.net/trip-data/yellow_tripdata_2010-09.parquet
2010-10,2010,yellow,Yellow Taxi Trip Records,https://d37ci6vzurychx.cloudfront.net/trip-data/yellow_tripdata_2010-10.parquet
2010-11,2010,yellow,Yellow Taxi Trip Records,https://d37ci6vzurychx.cloudfront.net/trip-data/yellow_tripdata_2010-11.parquet
2010-12,2010,yellow,Yellow Taxi Trip Records,https://d37ci6vzurychx.cloudfront.net/trip-data/yellow_tripdata_2010-12.parquet
2011-01,2011,yellow,Yellow Taxi Trip Records,https://d37ci6vzurychx.cloudfront.net/trip-data/yellow_tripdata_2011-01.parquet
2011-02,2011,yellow,Yellow Taxi Trip Records,https://d37ci6vzurychx.cloudfront.net/trip-data/yellow_tripdata_2011-02.parquet
2011-03,2011,yellow,Yellow Taxi Trip Records,https://d37ci6vzurychx.cloudfront.net/trip-data/yellow_tripdata_2011-03.parquet
2011-04,2011,yellow,Yellow Taxi Trip Records,https://d37ci6vzurychx.cloudfront.net/trip-data/yellow_tripdata_2011-04.parquet
2011-05,2011,yellow,Yellow Taxi Trip Records,https://d37ci6vzurychx.cloudfront.net/trip-data/yellow_tripdata_2011-05.parquet
2011-06,2011,yellow,Yellow Taxi Trip Records,https://d37ci6vzurychx.cloudfront.net/trip-data/yellow_tripdata_2011-06.parquet
2011-07,2011,yellow,Yellow Taxi Trip Records,https://d37ci6vzurychx.cloudfront.net/trip-data/yellow_tripdata_2011-07.parquet
2011-08,2011,yellow,Yellow Taxi Trip Records,https://d37ci6vzurychx.cloudfront.net/trip-data/yellow_tripdata_2011-08.parquet
2011-09,2011,yellow,Yellow Taxi Trip Records,https://d37ci6vzurychx.cloudfront.net/trip-data/yellow_tripdata_2011-09.parquet
2011-10,2011,yellow,Yellow Taxi Trip Records,https://d37ci6vzurychx.cloudfront.net/trip-data/yellow_tripdata_2011-10.parquet
2011-11,2011,yellow,Yellow Taxi Trip Records,https://d37ci6vzurychx.cloudfront.net/trip-data/yellow_tripdata_2011-11.parquet
2011-12,2011,yellow,Yellow Taxi Trip Records,https://d37ci6vzurychx.cloudfront.net/trip-data/yellow_tripdata_2011-12.parquet
2012-01,2012,yellow,Yellow Taxi Trip Records,https://d37ci6vzurychx.cloudfront.net/trip-data/yellow_tripdata_2012-01.parquet
2012-02,2012,yellow,Yellow Taxi Trip Records,https://d37ci6vzurychx.cloudfront.net/trip-data/yellow_tripdata_2012-02.parquet
2012-03,2012,yellow,Yellow Taxi Trip Records,https://d37ci6vzurychx.cloudfront.net/trip-data/yellow_tripdata_2012-03.parquet
2012-04,2012,yellow,Yellow Taxi Trip Records,https://d37ci6vzurychx.cloudfront.net/trip-data/yellow_tripdata_2012-04.parquet
2012-05,2012,yellow,Yellow Taxi Trip Records,https://d37ci6vzurychx.cloudfront.net/trip-data/yellow_tripdata_2012-05.parquet
2012-06,2012,yellow,Yellow Taxi Trip Records,https://d37ci6vzurychx.cloudfront.net/trip-data/yellow_tripdata_2012-06.parquet
2012-07,2012,yellow,Yellow Taxi Trip Records,https://d37ci6vzurychx.cloudfront.net/trip-data/yellow_tripdata_2012-07.parquet
2012-08,2012,yellow,Yellow Taxi Trip Records,https://d37ci6vzurychx.cloudfront.net/trip-data/yellow_tripdata_2012-08.parquet
2012-09,2012,yellow,Yellow Taxi Trip Records,https://d37ci6vzurychx.cloudfront.net/trip-data/yellow_tripdata_2012-09.parquet
2012-10,2012,yellow,Yellow Taxi Trip Records,https://d37ci6vzurychx.cloudfront.net/trip-data/yellow_tripdata_2012-10.parquet
2012-11,2012,yellow,Yellow Taxi Trip Records,https://d37ci6vzurychx.cloudfront.net/trip-data/yellow_tripdata_2012-11.parquet
2012-12,2012,yellow,Yellow Taxi Trip Records,https://d37ci6vzurychx.cloudfront.net/trip-data/yellow_tripdata_2012-12.parquet
2013-01,2013,yellow,Yellow Taxi Trip Records,https://d37ci6vzurychx.cloudfront.net/trip-data/yellow_tripdata_2013-01.parquet
2013-02,2013,yellow,Yellow Taxi Trip Records,https://d37ci6vzurychx.cloudfront.net/trip-data/yellow_tripdata_2013-02.parquet
2013-03,2013,yellow,Yellow Taxi Trip Records,https://d37ci6vzurychx.cloudfront.net/trip-data/yellow_tripdata_2013-03.parquet
2013-04,2013,yellow,Yellow Taxi Trip Records,https://d37ci6vzurychx.cloudfront.net/trip-data/yellow_tripdata_2013-04.parquet
2013-05,2013,yellow,Yellow Taxi Trip Records,https://d37ci6vzurychx.cloudfront.net/trip-data/yellow_tripdata_2013-05.parquet
2013-06,2013,yellow,Yellow Taxi Trip Records,https://d37ci6vzurychx.cloudfront.net/trip-data/yellow_tripdata_2013-06.parquet
2013-07,2013,yellow,Yellow Taxi Trip Records,https://d37ci6vzurychx.cloudfront.net/trip-data/yellow_tripdata_2013-07.parquet
2013-08,2013,green,Green Taxi Trip Records,https://d37ci6vzurychx.cloudfront.net/trip-data/green_tripdata_2013-08.parquet
2013-08,2013,yellow,Yellow Taxi Trip Records,https://d37ci6vzurychx.cloudfront.net/trip-data/yellow_tripdata_2013-08.parquet
2013-09,2013,green,Green Taxi Trip Records,https://d37ci6vzurychx.cloudfront.net/trip-data/green_tripdata_2013-09.parquet
2013-09,2013,yellow,Yellow Taxi Trip Records,https://d37ci6vzurychx.cloudfront.net/trip-data/yellow_tripdata_2013-09.parquet
2013-10,2013,green,Green Taxi Trip Records,https://d37ci6vzurychx.cloudfront.net/trip-data/green_tripdata_2013-10.parquet
2013-10,2013,yellow,Yellow Taxi Trip Records,https://d37ci6vzurychx.cloudfront.net/trip-data/yellow_tripdata_2013-10.parquet
2013-11,2013,green,Green Taxi Trip Records,https://d37ci6vzurychx.cloudfront.net/trip-data/green_tripdata_2013-11.parquet
2013-11,2013,yellow,Yellow Taxi Trip Records,https://d37ci6vzurychx.cloudfront.net/trip-data/yellow_tripdata_2013-11.parquet
2013-12,2013,green,Green Taxi Trip Records,https://d37ci6vzurychx.cloudfront.net/trip-data/green_tripdata_2013-12.parquet
2013-12,2013,yellow,Yellow Taxi Trip Records,https://d37ci6vzurychx.cloudfront.net/trip-data/yellow_tripdata_2013-12.parquet
2014-01,2014,green,Green Taxi Trip Records,https://d37ci6vzurychx.cloudfront.net/trip-data/green_tripdata_2014-01.parquet
2014-01,2014,yellow,Yellow Taxi Trip Records,https://d37ci6vzurychx.cloudfront.net/trip-data/yellow_tripdata_2014-01.parquet
2014-02,2014,green,Green Taxi Trip Records,https://d37ci6vzurychx.cloudfront.net/trip-data/green_tripdata_2014-02.parquet
2014-02,2014,yellow,Yellow Taxi Trip Records,https://d37ci6vzurychx.cloudfront.net/trip-data/yellow_tripdata_2014-02.parquet
2014-03,2014,green,Green Taxi Trip Records,https://d37ci6vzurychx.cloudfront.net/trip-data/green_tripdata_2014-03.parquet
2014-03,2014,yellow,Yellow Taxi Trip Records,https://d37ci6vzurychx.cloudfront.net/trip-data/yellow_tripdata_2014-03.parquet
2014-04,2014,green,Green Taxi Trip Records,https://d37ci6vzurychx.cloudfront.net/trip-data/green_tripdata_2014-04.parquet
2014-04,2014,yellow,Yellow Taxi Trip Records,https://d37ci6vzurychx.cloudfront.net/trip-data/yellow_tripdata_2014-04.parquet
2014-05,2014,green,Green Taxi Trip Records,https://d37ci6vzurychx.cloudfront.net/trip-data/green_tripdata_2014-05.parquet
2014-05,2014,yellow,Yellow Taxi Trip Records,https://d37ci6vzurychx.cloudfront.net/trip-data/yellow_tripdata_2014-05.parquet
2014-06,2014,green,Green Taxi Trip Records,https://d37ci6vzurychx.cloudfront.net/trip-data/green_tripdata_2014-06.parquet
2014-06,2014,yellow,Yellow Taxi Trip Records,https://d37ci6vzurychx.cloudfront.net/trip-data/yellow_tripdata_2014-06.parquet
2014-07,2014,green,Green Taxi Trip Records,https://d37ci6vzurychx.cloudfront.net/trip-data/green_tripdata_2014-07.parquet
2014-07,2014,yellow,Yellow Taxi Trip Records,https://d37ci6vzurychx.cloudfront.net/trip-data/yellow_tripdata_2014-07.parquet
2014-08,2014,green,Green Taxi Trip Records,https://d37ci6vzurychx.cloudfront.net/trip-data/green_tripdata_2014-08.parquet
2014-08,2014,yellow,Yellow Taxi Trip Records,https://d37ci6vzurychx.cloudfront.net/trip-data/yellow_tripdata_2014-08.parquet
2014-09,2014,green,Green Taxi Trip Records,https://d37ci6vzurychx.cloudfront.net/trip-data/green_tripdata_2014-09.parquet
2014-09,2014,yellow,Yellow Taxi Trip Records,https://d37ci6vzurychx.cloudfront.net/trip-data/yellow_tripdata_2014-09.parquet
2014-10,2014,green,Green Taxi Trip Records,https://d37ci6vzurychx.cloudfront.net/trip-data/green_tripdata_2014-10.parquet
2014-10,2014,yellow,Yellow Taxi Trip Records,https://d37ci6vzurychx.cloudfront.net/trip-data/yellow_tripdata_2014-10.parquet
2014-11,2014,green,Green Taxi Trip Records,https://d37ci6vzurychx.cloudfront.net/trip-data/green_tripdata_2014-11.parquet
2014-11,2014,yellow,Yellow Taxi Trip Records,https://d37ci6vzurychx.cloudfront.net/trip-data/yellow_tripdata_2014-11.parquet
2014-12,2014,green,Green Taxi Trip Records,https://d37ci6vzurychx.cloudfront.net/trip-data/green_tripdata_2014-12.parquet
2014-12,2014,yellow,Yellow Taxi Trip Records,https://d37ci6vzurychx.cloudfront.net/trip-data/yellow_tripdata_2014-12.parquet
2015-01,2015,fhv,For-Hire Vehicle Trip Records,https://d37ci6vzurychx.cloudfront.net/trip-data/fhv_tripdata_2015-01.parquet
2015-01,2015,green,Green Taxi Trip Records,https://d37ci6vzurychx.cloudfront.net/trip-data/green_tripdata_2015-01.parquet
2015-01,2015,yellow,Yellow Taxi Trip Records,https://d37ci6vzurychx.cloudfront.net/trip-data/yellow_tripdata_2015-01.parquet
2015-02,2015,fhv,For-Hire Vehicle Trip Records,https://d37ci6vzurychx.cloudfront.net/trip-data/fhv_tripdata_2015-02.parquet
2015-02,2015,green,Green Taxi Trip Records,https://d37ci6vzurychx.cloudfront.net/trip-data/green_tripdata_2015-02.parquet
2015-02,2015,yellow,Yellow Taxi Trip Records,https://d37ci6vzurychx.cloudfront.net/trip-data/yellow_tripdata_2015-02.parquet
2015-03,2015,fhv,For-Hire Vehicle Trip Records,https://d37ci6vzurychx.cloudfront.net/trip-data/fhv_tripdata_2015-03.parquet
2015-03,2015,green,Green Taxi Trip Records,https://d37ci6vzurychx.cloudfront.net/trip-data/green_tripdata_2015-03.parquet
2015-03,2015,yellow,Yellow Taxi Trip Records,https://d37ci6vzurychx.cloudfront.net/trip-data/yellow_tripdata_2015-03.parquet
2015-04,2015,fhv,For-Hire Vehicle Trip Records,https://d37ci6vzurychx.cloudfront.net/trip-data/fhv_tripdata_2015-04.parquet
2015-04,2015,green,Green Taxi Trip Records,https://d37ci6vzurychx.cloudfront.net/trip-data/green_tripdata_2015-04.parquet
2015-04,2015,yellow,Yellow Taxi Trip Records,https://d37ci6vzurychx.cloudfront.net/trip-data/yellow_tripdata_2015-04.parquet
2015-05,2015,fhv,For-Hire Vehicle Trip Records,https://d37ci6vzurychx.cloudfront.net/trip-data/fhv_tripdata_2015-05.parquet
2015-05,2015,green,Green Taxi Trip Records,https://d37ci6vzurychx.cloudfront.net/trip-data/green_tripdata_2015-05.parquet
2015-05,2015,yellow,Yellow Taxi Trip Records,https://d37ci6vzurychx.cloudfront.net/trip-data/yellow_tripdata_2015-05.parquet
2015-06,2015,fhv,For-Hire Vehicle Trip Records,https://d37ci6vzurychx.cloudfront.net/trip-data/fhv_tripdata_2015-06.parquet
2015-06,2015,green,Green Taxi Trip Records,https://d37ci6vzurychx.cloudfront.net/trip-data/green_tripdata_2015-06.parquet
2015-06,2015,yellow,Yellow Taxi Trip Records,https://d37ci6vzurychx.cloudfront.net/trip-data/yellow_tripdata_2015-06.parquet
2015-07,2015,fhv,For-Hire Vehicle Trip Records,https://d37ci6vzurychx.cloudfront.net/trip-data/fhv_tripdata_2015-07.parquet
2015-07,2015,green,Green Taxi Trip Records,https://d37ci6vzurychx.cloudfront.net/trip-data/green_tripdata_2015-07.parquet
2015-07,2015,yellow,Yellow Taxi Trip Records,https://d37ci6vzurychx.cloudfront.net/trip-data/yellow_tripdata_2015-07.parquet
2015-08,2015,fhv,For-Hire Vehicle Trip Records,https://d37ci6vzurychx.cloudfront.net/trip-data/fhv_tripdata_2015-08.parquet
2015-08,2015,green,Green Taxi Trip Records,https://d37ci6vzurychx.cloudfront.net/trip-data/green_tripdata_2015-08.parquet
2015-08,2015,yellow,Yellow Taxi Trip Records,https://d37ci6vzurychx.cloudfront.net/trip-data/yellow_tripdata_2015-08.parquet
2015-09,2015,fhv,For-Hire Vehicle Trip Records,https://d37ci6vzurychx.cloudfront.net/trip-data/fhv_tripdata_2015-09.parquet
2015-09,2015,green,Green Taxi Trip Records,https://d37ci6vzurychx.cloudfront.net/trip-data/green_tripdata_2015-09.parquet
2015-09,2015,yellow,Yellow Taxi Trip Records,https://d37ci6vzurychx.cloudfront.net/trip-data/yellow_tripdata_2015-09.parquet
2015-10,2015,fhv,For-Hire Vehicle Trip Records,https://d37ci6vzurychx.cloudfront.net/trip-data/fhv_tripdata_2015-10.parquet
2015-10,2015,green,Green Taxi Trip Records,https://d37ci6vzurychx.cloudfront.net/trip-data/green_tripdata_2015-10.parquet
2015-10,2015,yellow,Yellow Taxi Trip Records,https://d37ci6vzurychx.cloudfront.net/trip-data/yellow_tripdata_2015-10.parquet
2015-11,2015,fhv,For-Hire Vehicle Trip Records,https://d37ci6vzurychx.cloudfront.net/trip-data/fhv_tripdata_2015-11.parquet
2015-11,2015,green,Green Taxi Trip Records,https://d37ci6vzurychx.cloudfront.net/trip-data/green_tripdata_2015-11.parquet
2015-11,2015,yellow,Yellow Taxi Trip Records,https://d37ci6vzurychx.cloudfront.net/trip-data/yellow_tripdata_2015-11.parquet
2015-12,2015,fhv,For-Hire Vehicle Trip Records,https://d37ci6vzurychx.cloudfront.net/trip-data/fhv_tripdata_2015-12.parquet
2015-12,2015,green,Green Taxi Trip Records,https://d37ci6vzurychx.cloudfront.net/trip-data/green_tripdata_2015-12.parquet
2015-12,2015,yellow,Yellow Taxi Trip Records,https://d37ci6vzurychx.cloudfront.net/trip-data/yellow_tripdata_2015-12.parquet
2016-01,2016,fhv,For-Hire Vehicle Trip Records,https://d37ci6vzurychx.cloudfront.net/trip-data/fhv_tripdata_2016-01.parquet
2016-01,2016,green,Green Taxi Trip Records,https://d37ci6vzurychx.cloudfront.net/trip-data/green_tripdata_2016-01.parquet
2016-01,2016,yellow,Yellow Taxi Trip Records,https://d37ci6vzurychx.cloudfront.net/trip-data/yellow_tripdata_2016-01.parquet
2016-02,2016,fhv,For-Hire Vehicle Trip Records,https://d37ci6vzurychx.cloudfront.net/trip-data/fhv_tripdata_2016-02.parquet
2016-02,2016,green,Green Taxi Trip Records,https://d37ci6vzurychx.cloudfront.net/trip-data/green_tripdata_2016-02.parquet
2016-02,2016,yellow,Yellow Taxi Trip Records,https://d37ci6vzurychx.cloudfront.net/trip-data/yellow_tripdata_2016-02.parquet
2016-03,2016,fhv,For-Hire Vehicle Trip Records,https://d37ci6vzurychx.cloudfront.net/trip-data/fhv_tripdata_2016-03.parquet
2016-03,2016,green,Green Taxi Trip Records,https://d37ci6vzurychx.cloudfront.net/trip-data/green_tripdata_2016-03.parquet
2016-03,2016,yellow,Yellow Taxi Trip Records,https://d37ci6vzurychx.cloudfront.net/trip-data/yellow_tripdata_2016-03.parquet
2016-04,2016,fhv,For-Hire Vehicle Trip Records,https://d37ci6vzurychx.cloudfront.net/trip-data/fhv_tripdata_2016-04.parquet
2016-04,2016,green,Green Taxi Trip Records,https://d37ci6vzurychx.cloudfront.net/trip-data/green_tripdata_2016-04.parquet
2016-04,2016,yellow,Yellow Taxi Trip Records,https://d37ci6vzurychx.cloudfront.net/trip-data/yellow_tripdata_2016-04.parquet
2016-05,2016,fhv,For-Hire Vehicle Trip Records,https://d37ci6vzurychx.cloudfront.net/trip-data/fhv_tripdata_2016-05.parquet
2016-05,2016,green,Green Taxi Trip Records,https://d37ci6vzurychx.cloudfront.net/trip-data/green_tripdata_2016-05.parquet
2016-05,2016,yellow,Yellow Taxi Trip Records,https://d37ci6vzurychx.cloudfront.net/trip-data/yellow_tripdata_2016-05.parquet
2016-06,2016,fhv,For-Hire Vehicle Trip Records,https://d37ci6vzurychx.cloudfront.net/trip-data/fhv_tripdata_2016-06.parquet
2016-06,2016,green,Green Taxi Trip Records,https://d37ci6vzurychx.cloudfront.net/trip-data/green_tripdata_2016-06.parquet
2016-06,2016,yellow,Yellow Taxi Trip Records,https://d37ci6vzurychx.cloudfront.net/trip-data/yellow_tripdata_2016-06.parquet
2016-07,2016,fhv,For-Hire Vehicle Trip Records,https://d37ci6vzurychx.cloudfront.net/trip-data/fhv_tripdata_2016-07.parquet
2016-07,2016,green,Green Taxi Trip Records,https://d37ci6vzurychx.cloudfront.net/trip-data/green_tripdata_2016-07.parquet
2016-07,2016,yellow,Yellow Taxi Trip Records,https://d37ci6vzurychx.cloudfront.net/trip-data/yellow_tripdata_2016-07.parquet
2016-08,2016,fhv,For-Hire Vehicle Trip Records,https://d37ci6vzurychx.cloudfront.net/trip-data/fhv_tripdata_2016-08.parquet
2016-08,2016,green,Green Taxi Trip Records,https://d37ci6vzurychx.cloudfront.net/trip-data/green_tripdata_2016-08.parquet
2016-08,2016,yellow,Yellow Taxi Trip Records,https://d37ci6vzurychx.cloudfront.net/trip-data/yellow_tripdata_2016-08.parquet
2016-09,2016,fhv,For-Hire Vehicle Trip Records,https://d37ci6vzurychx.cloudfront.net/trip-data/fhv_tripdata_2016-09.parquet
2016-09,2016,green,Green Taxi Trip Records,https://d37ci6vzurychx.cloudfront.net/trip-data/green_tripdata_2016-09.parquet
2016-09,2016,yellow,Yellow Taxi Trip Records,https://d37ci6vzurychx.cloudfront.net/trip-data/yellow_tripdata_2016-09.parquet
2016-10,2016,fhv,For-Hire Vehicle Trip Records,https://d37ci6vzurychx.cloudfront.net/trip-data/fhv_tripdata_2016-10.parquet
2016-10,2016,green,Green Taxi Trip Records,https://d37ci6vzurychx.cloudfront.net/trip-data/green_tripdata_2016-10.parquet
2016-10,2016,yellow,Yellow Taxi Trip Records,https://d37ci6vzurychx.cloudfront.net/trip-data/yellow_tripdata_2016-10.parquet
2016-11,2016,fhv,For-Hire Vehicle Trip Records,https://d37ci6vzurychx.cloudfront.net/trip-data/fhv_tripdata_2016-11.parquet
2016-11,2016,green,Green Taxi Trip Records,https://d37ci6vzurychx.cloudfront.net/trip-data/green_tripdata_2016-11.parquet
2016-11,2016,yellow,Yellow Taxi Trip Records,https://d37ci6vzurychx.cloudfront.net/trip-data/yellow_tripdata_2016-11.parquet
2016-12,2016,fhv,For-Hire Vehicle Trip Records,https://d37ci6vzurychx.cloudfront.net/trip-data/fhv_tripdata_2016-12.parquet
2016-12,2016,green,Green Taxi Trip Records,https://d37ci6vzurychx.cloudfront.net/trip-data/green_tripdata_2016-12.parquet
2016-12,2016,yellow,Yellow Taxi Trip Records,https://d37ci6vzurychx.cloudfront.net/trip-data/yellow_tripdata_2016-12.parquet
2017-01,2017,fhv,For-Hire Vehicle Trip Records,https://d37ci6vzurychx.cloudfront.net/trip-data/fhv_tripdata_2017-01.parquet
2017-01,2017,green,Green Taxi Trip Records,https://d37ci6vzurychx.cloudfront.net/trip-data/green_tripdata_2017-01.parquet
2017-01,2017,yellow,Yellow Taxi Trip Records,https://d37ci6vzurychx.cloudfront.net/trip-data/yellow_tripdata_2017-01.parquet
2017-02,2017,fhv,For-Hire Vehicle Trip Records,https://d37ci6vzurychx.cloudfront.net/trip-data/fhv_tripdata_2017-02.parquet
2017-02,2017,green,Green Taxi Trip Records,https://d37ci6vzurychx.cloudfront.net/trip-data/green_tripdata_2017-02.parquet
2017-02,2017,yellow,Yellow Taxi Trip Records,https://d37ci6vzurychx.cloudfront.net/trip-data/yellow_tripdata_2017-02.parquet
2017-03,2017,fhv,For-Hire Vehicle Trip Records,https://d37ci6vzurychx.cloudfront.net/trip-data/fhv_tripdata_2017-03.parquet
2017-03,2017,green,Green Taxi Trip Records,https://d37ci6vzurychx.cloudfront.net/trip-data/green_tripdata_2017-03.parquet
2017-03,2017,yellow,Yellow Taxi Trip Records,https://d37ci6vzurychx.cloudfront.net/trip-data/yellow_tripdata_2017-03.parquet
2017-04,2017,fhv,For-Hire Vehicle Trip Records,https://d37ci6vzurychx.cloudfront.net/trip-data/fhv_tripdata_2017-04.parquet
2017-04,2017,green,Green Taxi Trip Records,https://d37ci6vzurychx.cloudfront.net/trip-data/green_tripdata_2017-04.parquet
2017-04,2017,yellow,Yellow Taxi Trip Records,https://d37ci6vzurychx.cloudfront.net/trip-data/yellow_tripdata_2017-04.parquet
2017-05,2017,fhv,For-Hire Vehicle Trip Records,https://d37ci6vzurychx.cloudfront.net/trip-data/fhv_tripdata_2017-05.parquet
2017-05,2017,green,Green Taxi Trip Records,https://d37ci6vzurychx.cloudfront.net/trip-data/green_tripdata_2017-05.parquet
2017-05,2017,yellow,Yellow Taxi Trip Records,https://d37ci6vzurychx.cloudfront.net/trip-data/yellow_tripdata_2017-05.parquet
2017-06,2017,fhv,For-Hire Vehicle Trip Records,https://d37ci6vzurychx.cloudfront.net/trip-data/fhv_tripdata_2017-06.parquet
2017-06,2017,green,Green Taxi Trip Records,https://d37ci6vzurychx.cloudfront.net/trip-data/green_tripdata_2017-06.parquet
2017-06,2017,yellow,Yellow Taxi Trip Records,https://d37ci6vzurychx.cloudfront.net/trip-data/yellow_tripdata_2017-06.parquet
2017-07,2017,fhv,For-Hire Vehicle Trip Records,https://d37ci6vzurychx.cloudfront.net/trip-data/fhv_tripdata_2017-07.parquet
2017-07,2017,green,Green Taxi Trip Records,https://d37ci6vzurychx.cloudfront.net/trip-data/green_tripdata_2017-07.parquet
2017-07,2017,yellow,Yellow Taxi Trip Records,https://d37ci6vzurychx.cloudfront.net/trip-data/yellow_tripdata_2017-07.parquet
2017-08,2017,fhv,For-Hire Vehicle Trip Records,https://d37ci6vzurychx.cloudfront.net/trip-data/fhv_tripdata_2017-08.parquet
2017-08,2017,green,Green Taxi Trip Records,https://d37ci6vzurychx.cloudfront.net/trip-data/green_tripdata_2017-08.parquet
2017-08,2017,yellow,Yellow Taxi Trip Records,https://d37ci6vzurychx.cloudfront.net/trip-data/yellow_tripdata_2017-08.parquet
2017-09,2017,fhv,For-Hire Vehicle Trip Records,https://d37ci6vzurychx.cloudfront.net/trip-data/fhv_tripdata_2017-09.parquet
2017-09,2017,green,Green Taxi Trip Records,https://d37ci6vzurychx.cloudfront.net/trip-data/green_tripdata_2017-09.parquet
2017-09,2017,yellow,Yellow Taxi Trip Records,https://d37ci6vzurychx.cloudfront.net/trip-data/yellow_tripdata_2017-09.parquet
2017-10,2017,fhv,For-Hire Vehicle Trip Records,https://d37ci6vzurychx.cloudfront.net/trip-data/fhv_tripdata_2017-10.parquet
2017-10,2017,green,Green Taxi Trip Records,https://d37ci6vzurychx.cloudfront.net/trip-data/green_tripdata_2017-10.parquet
2017-10,2017,yellow,Yellow Taxi Trip Records,https://d37ci6vzurychx.cloudfront.net/trip-data/yellow_tripdata_2017-10.parquet
2017-11,2017,fhv,For-Hire Vehicle Trip Records,https://d37ci6vzurychx.cloudfront.net/trip-data/fhv_tripdata_2017-11.parquet
2017-11,2017,green,Green Taxi Trip Records,https://d37ci6vzurychx.cloudfront.net/trip-data/green_tripdata_2017-11.parquet
2017-11,2017,yellow,Yellow Taxi Trip Records,https://d37ci6vzurychx.cloudfront.net/trip-data/yellow_tripdata_2017-11.parquet
2017-12,2017,fhv,For-Hire Vehicle Trip Records,https://d37ci6vzurychx.cloudfront.net/trip-data/fhv_tripdata_2017-12.parquet
2017-12,2017,green,Green Taxi Trip Records,https://d37ci6vzurychx.cloudfront.net/trip-data/green_tripdata_2017-12.parquet
2017-12,2017,yellow,Yellow Taxi Trip Records,https://d37ci6vzurychx.cloudfront.net/trip-data/yellow_tripdata_2017-12.parquet
2018-01,2018,fhv,For-Hire Vehicle Trip Records,https://d37ci6vzurychx.cloudfront.net/trip-data/fhv_tripdata_2018-01.parquet
2018-01,2018,green,Green Taxi Trip Records,https://d37ci6vzurychx.cloudfront.net/trip-data/green_tripdata_2018-01.parquet
2018-01,2018,yellow,Yellow Taxi Trip Records,https://d37ci6vzurychx.cloudfront.net/trip-data/yellow_tripdata_2018-01.parquet
2018-02,2018,fhv,For-Hire Vehicle Trip Records,https://d37ci6vzurychx.cloudfront.net/trip-data/fhv_tripdata_2018-02.parquet
2018-02,2018,green,Green Taxi Trip Records,https://d37ci6vzurychx.cloudfront.net/trip-data/green_tripdata_2018-02.parquet
2018-02,2018,yellow,Yellow Taxi Trip Records,https://d37ci6vzurychx.cloudfront.net/trip-data/yellow_tripdata_2018-02.parquet
2018-03,2018,fhv,For-Hire Vehicle Trip Records,https://d37ci6vzurychx.cloudfront.net/trip-data/fhv_tripdata_2018-03.parquet
2018-03,2018,green,Green Taxi Trip Records,https://d37ci6vzurychx.cloudfront.net/trip-data/green_tripdata_2018-03.parquet
2018-03,2018,yellow,Yellow Taxi Trip Records,https://d37ci6vzurychx.cloudfront.net/trip-data/yellow_tripdata_2018-03.parquet
2018-04,2018,fhv,For-Hire Vehicle Trip Records,https://d37ci6vzurychx.cloudfront.net/trip-data/fhv_tripdata_2018-04.parquet
2018-04,2018,green,Green Taxi Trip Records,https://d37ci6vzurychx.cloudfront.net/trip-data/green_tripdata_2018-04.parquet
2018-04,2018,yellow,Yellow Taxi Trip Records,https://d37ci6vzurychx.cloudfront.net/trip-data/yellow_tripdata_2018-04.parquet
2018-05,2018,fhv,For-Hire Vehicle Trip Records,https://d37ci6vzurychx.cloudfront.net/trip-data/fhv_tripdata_2018-05.parquet
2018-05,2018,green,Green Taxi Trip Records,https://d37ci6vzurychx.cloudfront.net/trip-data/green_tripdata_2018-05.parquet
2018-05,2018,yellow,Yellow Taxi Trip Records,https://d37ci6vzurychx.cloudfront.net/trip-data/yellow_tripdata_2018-05.parquet
2018-06,2018,fhv,For-Hire Vehicle Trip Records,https://d37ci6vzurychx.cloudfront.net/trip-data/fhv_tripdata_2018-06.parquet
2018-06,2018,green,Green Taxi Trip Records,https://d37ci6vzurychx.cloudfront.net/trip-data/green_tripdata_2018-06.parquet
2018-06,2018,yellow,Yellow Taxi Trip Records,https://d37ci6vzurychx.cloudfront.net/trip-data/yellow_tripdata_2018-06.parquet
2018-07,2018,fhv,For-Hire Vehicle Trip Records,https://d37ci6vzurychx.cloudfront.net/trip-data/fhv_tripdata_2018-07.parquet
2018-07,2018,green,Green Taxi Trip Records,https://d37ci6vzurychx.cloudfront.net/trip-data/green_tripdata_2018-07.parquet
2018-07,2018,yellow,Yellow Taxi Trip Records,https://d37ci6vzurychx.cloudfront.net/trip-data/yellow_tripdata_2018-07.parquet
2018-08,2018,fhv,For-Hire Vehicle Trip Records,https://d37ci6vzurychx.cloudfront.net/trip-data/fhv_tripdata_2018-08.parquet
2018-08,2018,green,Green Taxi Trip Records,https://d37ci6vzurychx.cloudfront.net/trip-data/green_tripdata_2018-08.parquet
2018-08,2018,yellow,Yellow Taxi Trip Records,https://d37ci6vzurychx.cloudfront.net/trip-data/yellow_tripdata_2018-08.parquet
2018-09,2018,fhv,For-Hire Vehicle Trip Records,https://d37ci6vzurychx.cloudfront.net/trip-data/fhv_tripdata_2018-09.parquet
2018-09,2018,green,Green Taxi Trip Records,https://d37ci6vzurychx.cloudfront.net/trip-data/green_tripdata_2018-09.parquet
2018-09,2018,yellow,Yellow Taxi Trip Records,https://d37ci6vzurychx.cloudfront.net/trip-data/yellow_tripdata_2018-09.parquet
2018-10,2018,fhv,For-Hire Vehicle Trip Records,https://d37ci6vzurychx.cloudfront.net/trip-data/fhv_tripdata_2018-10.parquet
2018-10,2018,green,Green Taxi Trip Records,https://d37ci6vzurychx.cloudfront.net/trip-data/green_tripdata_2018-10.parquet
2018-10,2018,yellow,Yellow Taxi Trip Records,https://d37ci6vzurychx.cloudfront.net/trip-data/yellow_tripdata_2018-10.parquet
2018-11,2018,fhv,For-Hire Vehicle Trip Records,https://d37ci6vzurychx.cloudfront.net/trip-data/fhv_tripdata_2018-11.parquet
2018-11,2018,green,Green Taxi Trip Records,https://d37ci6vzurychx.cloudfront.net/trip-data/green_tripdata_2018-11.parquet
2018-11,2018,yellow,Yellow Taxi Trip Records,https://d37ci6vzurychx.cloudfront.net/trip-data/yellow_tripdata_2018-11.parquet
2018-12,2018,fhv,For-Hire Vehicle Trip Records,https://d37ci6vzurychx.cloudfront.net/trip-data/fhv_tripdata_2018-12.parquet
2018-12,2018,green,Green Taxi Trip Records,https://d37ci6vzurychx.cloudfront.net/trip-data/green_tripdata_2018-12.parquet
2018-12,2018,yellow,Yellow Taxi Trip Records,https://d37ci6vzurychx.cloudfront.net/trip-data/yellow_tripdata_2018-12.parquet
2019-01,2019,fhv,For-Hire Vehicle Trip Records,https://d37ci6vzurychx.cloudfront.net/trip-data/fhv_tripdata_2019-01.parquet
2019-01,2019,green,Green Taxi Trip Records,https://d37ci6vzurychx.cloudfront.net/trip-data/green_tripdata_2019-01.parquet
2019-01,2019,yellow,Yellow Taxi Trip Records,https://d37ci6vzurychx.cloudfront.net/trip-data/yellow_tripdata_2019-01.parquet
2019-02,2019,fhv,For-Hire Vehicle Trip Records,https://d37ci6vzurychx.cloudfront.net/trip-data/fhv_tripdata_2019-02.parquet
2019-02,2019,green,Green Taxi Trip Records,https://d37ci6vzurychx.cloudfront.net/trip-data/green_tripdata_2019-02.parquet
2019-02,2019,hvfhv,High Volume For-Hire Vehicle Trip Records,https://d37ci6vzurychx.cloudfront.net/trip-data/fhvhv_tripdata_2019-02.parquet
2019-02,2019,yellow,Yellow Taxi Trip Records,https://d37ci6vzurychx.cloudfront.net/trip-data/yellow_tripdata_2019-02.parquet
2019-03,2019,fhv,For-Hire Vehicle Trip Records,https://d37ci6vzurychx.cloudfront.net/trip-data/fhv_tripdata_2019-03.parquet
2019-03,2019,green,Green Taxi Trip Records,https://d37ci6vzurychx.cloudfront.net/trip-data/green_tripdata_2019-03.parquet
2019-03,2019,hvfhv,High Volume For-Hire Vehicle Trip Records,https://d37ci6vzurychx.cloudfront.net/trip-data/fhvhv_tripdata_2019-03.parquet
2019-03,2019,yellow,Yellow Taxi Trip Records,https://d37ci6vzurychx.cloudfront.net/trip-data/yellow_tripdata_2019-03.parquet
2019-04,2019,fhv,For-Hire Vehicle Trip Records,https://d37ci6vzurychx.cloudfront.net/trip-data/fhv_tripdata_2019-04.parquet
2019-04,2019,green,Green Taxi Trip Records,https://d37ci6vzurychx.cloudfront.net/trip-data/green_tripdata_2019-04.parquet
2019-04,2019,hvfhv,High Volume For-Hire Vehicle Trip Records,https://d37ci6vzurychx.cloudfront.net/trip-data/fhvhv_tripdata_2019-04.parquet
2019-04,2019,yellow,Yellow Taxi Trip Records,https://d37ci6vzurychx.cloudfront.net/trip-data/yellow_tripdata_2019-04.parquet
2019-05,2019,fhv,For-Hire Vehicle Trip Records,https://d37ci6vzurychx.cloudfront.net/trip-data/fhv_tripdata_2019-05.parquet
2019-05,2019,green,Green Taxi Trip Records,https://d37ci6vzurychx.cloudfront.net/trip-data/green_tripdata_2019-05.parquet
2019-05,2019,hvfhv,High Volume For-Hire Vehicle Trip Records,https://d37ci6vzurychx.cloudfront.net/trip-data/fhvhv_tripdata_2019-05.parquet
2019-05,2019,yellow,Yellow Taxi Trip Records,https://d37ci6vzurychx.cloudfront.net/trip-data/yellow_tripdata_2019-05.parquet
2019-06,2019,fhv,For-Hire Vehicle Trip Records,https://d37ci6vzurychx.cloudfront.net/trip-data/fhv_tripdata_2019-06.parquet
2019-06,2019,green,Green Taxi Trip Records,https://d37ci6vzurychx.cloudfront.net/trip-data/green_tripdata_2019-06.parquet
2019-06,2019,hvfhv,High Volume For-Hire Vehicle Trip Records,https://d37ci6vzurychx.cloudfront.net/trip-data/fhvhv_tripdata_2019-06.parquet
2019-06,2019,yellow,Yellow Taxi Trip Records,https://d37ci6vzurychx.cloudfront.net/trip-data/yellow_tripdata_2019-06.parquet
2019-07,2019,fhv,For-Hire Vehicle Trip Records,https://d37ci6vzurychx.cloudfront.net/trip-data/fhv_tripdata_2019-07.parquet
2019-07,2019,green,Green Taxi Trip Records,https://d37ci6vzurychx.cloudfront.net/trip-data/green_tripdata_2019-07.parquet
2019-07,2019,hvfhv,High Volume For-Hire Vehicle Trip Records,https://d37ci6vzurychx.cloudfront.net/trip-data/fhvhv_tripdata_2019-07.parquet
2019-07,2019,yellow,Yellow Taxi Trip Records,https://d37ci6vzurychx.cloudfront.net/trip-data/yellow_tripdata_2019-07.parquet
2019-08,2019,fhv,For-Hire Vehicle Trip Records,https://d37ci6vzurychx.cloudfront.net/trip-data/fhv_tripdata_2019-08.parquet
2019-08,2019,green,Green Taxi Trip Records,https://d37ci6vzurychx.cloudfront.net/trip-data/green_tripdata_2019-08.parquet
2019-08,2019,hvfhv,High Volume For-Hire Vehicle Trip Records,https://d37ci6vzurychx.cloudfront.net/trip-data/fhvhv_tripdata_2019-08.parquet
2019-08,2019,yellow,Yellow Taxi Trip Records,https://d37ci6vzurychx.cloudfront.net/trip-data/yellow_tripdata_2019-08.parquet
2019-09,2019,fhv,For-Hire Vehicle Trip Records,https://d37ci6vzurychx.cloudfront.net/trip-data/fhv_tripdata_2019-09.parquet
2019-09,2019,green,Green Taxi Trip Records,https://d37ci6vzurychx.cloudfront.net/trip-data/green_tripdata_2019-09.parquet
2019-09,2019,hvfhv,High Volume For-Hire Vehicle Trip Records,https://d37ci6vzurychx.cloudfront.net/trip-data/fhvhv_tripdata_2019-09.parquet
2019-09,2019,yellow,Yellow Taxi Trip Records,https://d37ci6vzurychx.cloudfront.net/trip-data/yellow_tripdata_2019-09.parquet
2019-10,2019,fhv,For-Hire Vehicle Trip Records,https://d37ci6vzurychx.cloudfront.net/trip-data/fhv_tripdata_2019-10.parquet
2019-10,2019,green,Green Taxi Trip Records,https://d37ci6vzurychx.cloudfront.net/trip-data/green_tripdata_2019-10.parquet
2019-10,2019,hvfhv,High Volume For-Hire Vehicle Trip Records,https://d37ci6vzurychx.cloudfront.net/trip-data/fhvhv_tripdata_2019-10.parquet
2019-10,2019,yellow,Yellow Taxi Trip Records,https://d37ci6vzurychx.cloudfront.net/trip-data/yellow_tripdata_2019-10.parquet
2019-11,2019,fhv,For-Hire Vehicle Trip Records,https://d37ci6vzurychx.cloudfront.net/trip-data/fhv_tripdata_2019-11.parquet
2019-11,2019,green,Green Taxi Trip Records,https://d37ci6vzurychx.cloudfront.net/trip-data/green_tripdata_2019-11.parquet
2019-11,2019,hvfhv,High Volume For-Hire Vehicle Trip Records,https://d37ci6vzurychx.cloudfront.net/trip-data/fhvhv_tripdata_2019-11.parquet
2019-11,2019,yellow,Yellow Taxi Trip Records,https://d37ci6vzurychx.cloudfront.net/trip-data/yellow_tripdata_2019-11.parquet
2019-12,2019,fhv,For-Hire Vehicle Trip Records,https://d37ci6vzurychx.cloudfront.net/trip-data/fhv_tripdata_2019-12.parquet
2019-12,2019,green,Green Taxi Trip Records,https://d37ci6vzurychx.cloudfront.net/trip-data/green_tripdata_2019-12.parquet
2019-12,2019,hvfhv,High Volume For-Hire Vehicle Trip Records,https://d37ci6vzurychx.cloudfront.net/trip-data/fhvhv_tripdata_2019-12.parquet
2019-12,2019,yellow,Yellow Taxi Trip Records,https://d37ci6vzurychx.cloudfront.net/trip-data/yellow_tripdata_2019-12.parquet
2020-01,2020,fhv,For-Hire Vehicle Trip Records,https://d37ci6vzurychx.cloudfront.net/trip-data/fhv_tripdata_2020-01.parquet
2020-01,2020,green,Green Taxi Trip Records,https://d37ci6vzurychx.cloudfront.net/trip-data/green_tripdata_2020-01.parquet
2020-01,2020,hvfhv,High Volume For-Hire Vehicle Trip Records,https://d37ci6vzurychx.cloudfront.net/trip-data/fhvhv_tripdata_2020-01.parquet
2020-01,2020,yellow,Yellow Taxi Trip Records,https://d37ci6vzurychx.cloudfront.net/trip-data/yellow_tripdata_2020-01.parquet
2020-02,2020,fhv,For-Hire Vehicle Trip Records,https://d37ci6vzurychx.cloudfront.net/trip-data/fhv_tripdata_2020-02.parquet
2020-02,2020,green,Green Taxi Trip Records,https://d37ci6vzurychx.cloudfront.net/trip-data/green_tripdata_2020-02.parquet
2020-02,2020,hvfhv,High Volume For-Hire Vehicle Trip Records,https://d37ci6vzurychx.cloudfront.net/trip-data/fhvhv_tripdata_2020-02.parquet
2020-02,2020,yellow,Yellow Taxi Trip Records,https://d37ci6vzurychx.cloudfront.net/trip-data/yellow_tripdata_2020-02.parquet
2020-03,2020,fhv,For-Hire Vehicle Trip Records,https://d37ci6vzurychx.cloudfront.net/trip-data/fhv_tripdata_2020-03.parquet
2020-03,2020,green,Green Taxi Trip Records,https://d37ci6vzurychx.cloudfront.net/trip-data/green_tripdata_2020-03.parquet
2020-03,2020,hvfhv,High Volume For-Hire Vehicle Trip Records,https://d37ci6vzurychx.cloudfront.net/trip-data/fhvhv_tripdata_2020-03.parquet
2020-03,2020,yellow,Yellow Taxi Trip Records,https://d37ci6vzurychx.cloudfront.net/trip-data/yellow_tripdata_2020-03.parquet
2020-04,2020,fhv,For-Hire Vehicle Trip Records,https://d37ci6vzurychx.cloudfront.net/trip-data/fhv_tripdata_2020-04.parquet
2020-04,2020,green,Green Taxi Trip Records,https://d37ci6vzurychx.cloudfront.net/trip-data/green_tripdata_2020-04.parquet
2020-04,2020,hvfhv,High Volume For-Hire Vehicle Trip Records,https://d37ci6vzurychx.cloudfront.net/trip-data/fhvhv_tripdata_2020-04.parquet
2020-04,2020,yellow,Yellow Taxi Trip Records,https://d37ci6vzurychx.cloudfront.net/trip-data/yellow_tripdata_2020-04.parquet
2020-05,2020,fhv,For-Hire Vehicle Trip Records,https://d37ci6vzurychx.cloudfront.net/trip-data/fhv_tripdata_2020-05.parquet
2020-05,2020,green,Green Taxi Trip Records,https://d37ci6vzurychx.cloudfront.net/trip-data/green_tripdata_2020-05.parquet
2020-05,2020,hvfhv,High Volume For-Hire Vehicle Trip Records,https://d37ci6vzurychx.cloudfront.net/trip-data/fhvhv_tripdata_2020-05.parquet
2020-05,2020,yellow,Yellow Taxi Trip Records,https://d37ci6vzurychx.cloudfront.net/trip-data/yellow_tripdata_2020-05.parquet
2020-06,2020,fhv,For-Hire Vehicle Trip Records,https://d37ci6vzurychx.cloudfront.net/trip-data/fhv_tripdata_2020-06.parquet
2020-06,2020,green,Green Taxi Trip Records,https://d37ci6vzurychx.cloudfront.net/trip-data/green_tripdata_2020-06.parquet
2020-06,2020,hvfhv,High Volume For-Hire Vehicle Trip Records,https://d37ci6vzurychx.cloudfront.net/trip-data/fhvhv_tripdata_2020-06.parquet
2020-06,2020,yellow,Yellow Taxi Trip Records,https://d37ci6vzurychx.cloudfront.net/trip-data/yellow_tripdata_2020-06.parquet
2020-07,2020,fhv,For-Hire Vehicle Trip Records,https://d37ci6vzurychx.cloudfront.net/trip-data/fhv_tripdata_2020-07.parquet
2020-07,2020,green,Green Taxi Trip Records,https://d37ci6vzurychx.cloudfront.net/trip-data/green_tripdata_2020-07.parquet
2020-07,2020,hvfhv,High Volume For-Hire Vehicle Trip Records,https://d37ci6vzurychx.cloudfront.net/trip-data/fhvhv_tripdata_2020-07.parquet
2020-07,2020,yellow,Yellow Taxi Trip Records,https://d37ci6vzurychx.cloudfront.net/trip-data/yellow_tripdata_2020-07.parquet
2020-08,2020,fhv,For-Hire Vehicle Trip Records,https://d37ci6vzurychx.cloudfront.net/trip-data/fhv_tripdata_2020-08.parquet
2020-08,2020,green,Green Taxi Trip Records,https://d37ci6vzurychx.cloudfront.net/trip-data/green_tripdata_2020-08.parquet
2020-08,2020,hvfhv,High Volume For-Hire Vehicle Trip Records,https://d37ci6vzurychx.cloudfront.net/trip-data/fhvhv_tripdata_2020-08.parquet
2020-08,2020,yellow,Yellow Taxi Trip Records,https://d37ci6vzurychx.cloudfront.net/trip-data/yellow_tripdata_2020-08.parquet
2020-09,2020,fhv,For-Hire Vehicle Trip Records,https://d37ci6vzurychx.cloudfront.net/trip-data/fhv_tripdata_2020-09.parquet
2020-09,2020,green,Green Taxi Trip Records,https://d37ci6vzurychx.cloudfront.net/trip-data/green_tripdata_2020-09.parquet
2020-09,2020,hvfhv,High Volume For-Hire Vehicle Trip Records,https://d37ci6vzurychx.cloudfront.net/trip-data/fhvhv_tripdata_2020-09.parquet
2020-09,2020,yellow,Yellow Taxi Trip Records,https://d37ci6vzurychx.cloudfront.net/trip-data/yellow_tripdata_2020-09.parquet
2020-10,2020,fhv,For-Hire Vehicle Trip Records,https://d37ci6vzurychx.cloudfront.net/trip-data/fhv_tripdata_2020-10.parquet
2020-10,2020,green,Green Taxi Trip Records,https://d37ci6vzurychx.cloudfront.net/trip-data/green_tripdata_2020-10.parquet
2020-10,2020,hvfhv,High Volume For-Hire Vehicle Trip Records,https://d37ci6vzurychx.cloudfront.net/trip-data/fhvhv_tripdata_2020-10.parquet
2020-10,2020,yellow,Yellow Taxi Trip Records,https://d37ci6vzurychx.cloudfront.net/trip-data/yellow_tripdata_2020-10.parquet
2020-11,2020,fhv,For-Hire Vehicle Trip Records,https://d37ci6vzurychx.cloudfront.net/trip-data/fhv_tripdata_2020-11.parquet
2020-11,2020,green,Green Taxi Trip Records,https://d37ci6vzurychx.cloudfront.net/trip-data/green_tripdata_2020-11.parquet
2020-11,2020,hvfhv,High Volume For-Hire Vehicle Trip Records,https://d37ci6vzurychx.cloudfront.net/trip-data/fhvhv_tripdata_2020-11.parquet
2020-11,2020,yellow,Yellow Taxi Trip Records,https://d37ci6vzurychx.cloudfront.net/trip-data/yellow_tripdata_2020-11.parquet
2020-12,2020,fhv,For-Hire Vehicle Trip Records,https://d37ci6vzurychx.cloudfront.net/trip-data/fhv_tripdata_2020-12.parquet
2020-12,2020,green,Green Taxi Trip Records,https://d37ci6vzurychx.cloudfront.net/trip-data/green_tripdata_2020-12.parquet
2020-12,2020,hvfhv,High Volume For-Hire Vehicle Trip Records,https://d37ci6vzurychx.cloudfront.net/trip-data/fhvhv_tripdata_2020-12.parquet
2020-12,2020,yellow,Yellow Taxi Trip Records,https://d37ci6vzurychx.cloudfront.net/trip-data/yellow_tripdata_2020-12.parquet
2021-01,2021,fhv,For-Hire Vehicle Trip Records,https://d37ci6vzurychx.cloudfront.net/trip-data/fhv_tripdata_2021-01.parquet
2021-01,2021,green,Green Taxi Trip Records,https://d37ci6vzurychx.cloudfront.net/trip-data/green_tripdata_2021-01.parquet
2021-01,2021,hvfhv,High Volume For-Hire Vehicle Trip Records,https://d37ci6vzurychx.cloudfront.net/trip-data/fhvhv_tripdata_2021-01.parquet
2021-01,2021,yellow,Yellow Taxi Trip Records,https://d37ci6vzurychx.cloudfront.net/trip-data/yellow_tripdata_2021-01.parquet
2021-02,2021,fhv,For-Hire Vehicle Trip Records,https://d37ci6vzurychx.cloudfront.net/trip-data/fhv_tripdata_2021-02.parquet
2021-02,2021,green,Green Taxi Trip Records,https://d37ci6vzurychx.cloudfront.net/trip-data/green_tripdata_2021-02.parquet
2021-02,2021,hvfhv,High Volume For-Hire Vehicle Trip Records,https://d37ci6vzurychx.cloudfront.net/trip-data/fhvhv_tripdata_2021-02.parquet
2021-02,2021,yellow,Yellow Taxi Trip Records,https://d37ci6vzurychx.cloudfront.net/trip-data/yellow_tripdata_2021-02.parquet
2021-03,2021,fhv,For-Hire Vehicle Trip Records,https://d37ci6vzurychx.cloudfront.net/trip-data/fhv_tripdata_2021-03.parquet
2021-03,2021,green,Green Taxi Trip Records,https://d37ci6vzurychx.cloudfront.net/trip-data/green_tripdata_2021-03.parquet
2021-03,2021,hvfhv,High Volume For-Hire Vehicle Trip Records,https://d37ci6vzurychx.cloudfront.net/trip-data/fhvhv_tripdata_2021-03.parquet
2021-03,2021,yellow,Yellow Taxi Trip Records,https://d37ci6vzurychx.cloudfront.net/trip-data/yellow_tripdata_2021-03.parquet
2021-04,2021,fhv,For-Hire Vehicle Trip Records,https://d37ci6vzurychx.cloudfront.net/trip-data/fhv_tripdata_2021-04.parquet
2021-04,2021,green,Green Taxi Trip Records,https://d37ci6vzurychx.cloudfront.net/trip-data/green_tripdata_2021-04.parquet
2021-04,2021,hvfhv,High Volume For-Hire Vehicle Trip Records,https://d37ci6vzurychx.cloudfront.net/trip-data/fhvhv_tripdata_2021-04.parquet
2021-04,2021,yellow,Yellow Taxi Trip Records,https://d37ci6vzurychx.cloudfront.net/trip-data/yellow_tripdata_2021-04.parquet
2021-05,2021,fhv,For-Hire Vehicle Trip Records,https://d37ci6vzurychx.cloudfront.net/trip-data/fhv_tripdata_2021-05.parquet
2021-05,2021,green,Green Taxi Trip Records,https://d37ci6vzurychx.cloudfront.net/trip-data/green_tripdata_2021-05.parquet
2021-05,2021,hvfhv,High Volume For-Hire Vehicle Trip Records,https://d37ci6vzurychx.cloudfront.net/trip-data/fhvhv_tripdata_2021-05.parquet
2021-05,2021,yellow,Yellow Taxi Trip Records,https://d37ci6vzurychx.cloudfront.net/trip-data/yellow_tripdata_2021-05.parquet
2021-06,2021,fhv,For-Hire Vehicle Trip Records,https://d37ci6vzurychx.cloudfront.net/trip-data/fhv_tripdata_2021-06.parquet
2021-06,2021,green,Green Taxi Trip Records,https://d37ci6vzurychx.cloudfront.net/trip-data/green_tripdata_2021-06.parquet
2021-06,2021,hvfhv,High Volume For-Hire Vehicle Trip Records,https://d37ci6vzurychx.cloudfront.net/trip-data/fhvhv_tripdata_2021-06.parquet
2021-06,2021,yellow,Yellow Taxi Trip Records,https://d37ci6vzurychx.cloudfront.net/trip-data/yellow_tripdata_2021-06.parquet
2021-07,2021,fhv,For-Hire Vehicle Trip Records,https://d37ci6vzurychx.cloudfront.net/trip-data/fhv_tripdata_2021-07.parquet
2021-07,2021,green,Green Taxi Trip Records,https://d37ci6vzurychx.cloudfront.net/trip-data/green_tripdata_2021-07.parquet
2021-07,2021,hvfhv,High Volume For-Hire Vehicle Trip Records,https://d37ci6vzurychx.cloudfront.net/trip-data/fhvhv_tripdata_2021-07.parquet
2021-07,2021,yellow,Yellow Taxi Trip Records,https://d37ci6vzurychx.cloudfront.net/trip-data/yellow_tripdata_2021-07.parquet
2021-08,2021,fhv,For-Hire Vehicle Trip Records,https://d37ci6vzurychx.cloudfront.net/trip-data/fhv_tripdata_2021-08.parquet
2021-08,2021,green,Green Taxi Trip Records,https://d37ci6vzurychx.cloudfront.net/trip-data/green_tripdata_2021-08.parquet
2021-08,2021,hvfhv,High Volume For-Hire Vehicle Trip Records,https://d37ci6vzurychx.cloudfront.net/trip-data/fhvhv_tripdata_2021-08.parquet
2021-08,2021,yellow,Yellow Taxi Trip Records,https://d37ci6vzurychx.cloudfront.net/trip-data/yellow_tripdata_2021-08.parquet
2021-09,2021,fhv,For-Hire Vehicle Trip Records,https://d37ci6vzurychx.cloudfront.net/trip-data/fhv_tripdata_2021-09.parquet
2021-09,2021,green,Green Taxi Trip Records,https://d37ci6vzurychx.cloudfront.net/trip-data/green_tripdata_2021-09.parquet
2021-09,2021,hvfhv,High Volume For-Hire Vehicle Trip Records,https://d37ci6vzurychx.cloudfront.net/trip-data/fhvhv_tripdata_2021-09.parquet
2021-09,2021,yellow,Yellow Taxi Trip Records,https://d37ci6vzurychx.cloudfront.net/trip-data/yellow_tripdata_2021-09.parquet
2021-10,2021,fhv,For-Hire Vehicle Trip Records,https://d37ci6vzurychx.cloudfront.net/trip-data/fhv_tripdata_2021-10.parquet
2021-10,2021,green,Green Taxi Trip Records,https://d37ci6vzurychx.cloudfront.net/trip-data/green_tripdata_2021-10.parquet
2021-10,2021,hvfhv,High Volume For-Hire Vehicle Trip Records,https://d37ci6vzurychx.cloudfront.net/trip-data/fhvhv_tripdata_2021-10.parquet
2021-10,2021,yellow,Yellow Taxi Trip Records,https://d37ci6vzurychx.cloudfront.net/trip-data/yellow_tripdata_2021-10.parquet
2021-11,2021,fhv,For-Hire Vehicle Trip Records,https://d37ci6vzurychx.cloudfront.net/trip-data/fhv_tripdata_2021-11.parquet
2021-11,2021,green,Green Taxi Trip Records,https://d37ci6vzurychx.cloudfront.net/trip-data/green_tripdata_2021-11.parquet
2021-11,2021,hvfhv,High Volume For-Hire Vehicle Trip Records,https://d37ci6vzurychx.cloudfront.net/trip-data/fhvhv_tripdata_2021-11.parquet
2021-11,2021,yellow,Yellow Taxi Trip Records,https://d37ci6vzurychx.cloudfront.net/trip-data/yellow_tripdata_2021-11.parquet
2021-12,2021,fhv,For-Hire Vehicle Trip Records,https://d37ci6vzurychx.cloudfront.net/trip-data/fhv_tripdata_2021-12.parquet
2021-12,2021,green,Green Taxi Trip Records,https://d37ci6vzurychx.cloudfront.net/trip-data/green_tripdata_2021-12.parquet
2021-12,2021,hvfhv,High Volume For-Hire Vehicle Trip Records,https://d37ci6vzurychx.cloudfront.net/trip-data/fhvhv_tripdata_2021-12.parquet
2021-12,2021,yellow,Yellow Taxi Trip Records,https://d37ci6vzurychx.cloudfront.net/trip-data/yellow_tripdata_2021-12.parquet
2022-01,2022,fhv,For-Hire Vehicle Trip Records,https://d37ci6vzurychx.cloudfront.net/trip-data/fhv_tripdata_2022-01.parquet
2022-01,2022,green,Green Taxi Trip Records,https://d37ci6vzurychx.cloudfront.net/trip-data/green_tripdata_2022-01.parquet
2022-01,2022,hvfhv,High Volume For-Hire Vehicle Trip Records,https://d37ci6vzurychx.cloudfront.net/trip-data/fhvhv_tripdata_2022-01.parquet
2022-01,2022,yellow,Yellow Taxi Trip Records,https://d37ci6vzurychx.cloudfront.net/trip-data/yellow_tripdata_2022-01.parquet
2022-02,2022,fhv,For-Hire Vehicle Trip Records,https://d37ci6vzurychx.cloudfront.net/trip-data/fhv_tripdata_2022-02.parquet
2022-02,2022,green,Green Taxi Trip Records,https://d37ci6vzurychx.cloudfront.net/trip-data/green_tripdata_2022-02.parquet
2022-02,2022,hvfhv,High Volume For-Hire Vehicle Trip Records,https://d37ci6vzurychx.cloudfront.net/trip-data/fhvhv_tripdata_2022-02.parquet
2022-02,2022,yellow,Yellow Taxi Trip Records,https://d37ci6vzurychx.cloudfront.net/trip-data/yellow_tripdata_2022-02.parquet
2022-03,2022,fhv,For-Hire Vehicle Trip Records,https://d37ci6vzurychx.cloudfront.net/trip-data/fhv_tripdata_2022-03.parquet
2022-03,2022,green,Green Taxi Trip Records,https://d37ci6vzurychx.cloudfront.net/trip-data/green_tripdata_2022-03.parquet
2022-03,2022,hvfhv,High Volume For-Hire Vehicle Trip Records,https://d37ci6vzurychx.cloudfront.net/trip-data/fhvhv_tripdata_2022-03.parquet
2022-03,2022,yellow,Yellow Taxi Trip Records,https://d37ci6vzurychx.cloudfront.net/trip-data/yellow_tripdata_2022-03.parquet
2022-04,2022,fhv,For-Hire Vehicle Trip Records,https://d37ci6vzurychx.cloudfront.net/trip-data/fhv_tripdata_2022-04.parquet
2022-04,2022,green,Green Taxi Trip Records,https://d37ci6vzurychx.cloudfront.net/trip-data/green_tripdata_2022-04.parquet
2022-04,2022,hvfhv,High Volume For-Hire Vehicle Trip Records,https://d37ci6vzurychx.cloudfront.net/trip-data/fhvhv_tripdata_2022-04.parquet
2022-04,2022,yellow,Yellow Taxi Trip Records,https://d37ci6vzurychx.cloudfront.net/trip-data/yellow_tripdata_2022-04.parquet
2022-05,2022,fhv,For-Hire Vehicle Trip Records,https://d37ci6vzurychx.cloudfront.net/trip-data/fhv_tripdata_2022-05.parquet
2022-05,2022,green,Green Taxi Trip Records,https://d37ci6vzurychx.cloudfront.net/trip-data/green_tripdata_2022-05.parquet
2022-05,2022,hvfhv,High Volume For-Hire Vehicle Trip Records,https://d37ci6vzurychx.cloudfront.net/trip-data/fhvhv_tripdata_2022-05.parquet
2022-05,2022,yellow,Yellow Taxi Trip Records,https://d37ci6vzurychx.cloudfront.net/trip-data/yellow_tripdata_2022-05.parquet
2022-06,2022,fhv,For-Hire Vehicle Trip Records,https://d37ci6vzurychx.cloudfront.net/trip-data/fhv_tripdata_2022-06.parquet
2022-06,2022,green,Green Taxi Trip Records,https://d37ci6vzurychx.cloudfront.net/trip-data/green_tripdata_2022-06.parquet
2022-06,2022,hvfhv,High Volume For-Hire Vehicle Trip Records,https://d37ci6vzurychx.cloudfront.net/trip-data/fhvhv_tripdata_2022-06.parquet
2022-06,2022,yellow,Yellow Taxi Trip Records,https://d37ci6vzurychx.cloudfront.net/trip-data/yellow_tripdata_2022-06.parquet
2022-07,2022,fhv,For-Hire Vehicle Trip Records,https://d37ci6vzurychx.cloudfront.net/trip-data/fhv_tripdata_2022-07.parquet
2022-07,2022,green,Green Taxi Trip Records,https://d37ci6vzurychx.cloudfront.net/trip-data/green_tripdata_2022-07.parquet
2022-07,2022,hvfhv,High Volume For-Hire Vehicle Trip Records,https://d37ci6vzurychx.cloudfront.net/trip-data/fhvhv_tripdata_2022-07.parquet
2022-07,2022,yellow,Yellow Taxi Trip Records,https://d37ci6vzurychx.cloudfront.net/trip-data/yellow_tripdata_2022-07.parquet
2022-08,2022,fhv,For-Hire Vehicle Trip Records,https://d37ci6vzurychx.cloudfront.net/trip-data/fhv_tripdata_2022-08.parquet
2022-08,2022,green,Green Taxi Trip Records,https://d37ci6vzurychx.cloudfront.net/trip-data/green_tripdata_2022-08.parquet
2022-08,2022,hvfhv,High Volume For-Hire Vehicle Trip Records,https://d37ci6vzurychx.cloudfront.net/trip-data/fhvhv_tripdata_2022-08.parquet
2022-08,2022,yellow,Yellow Taxi Trip Records,https://d37ci6vzurychx.cloudfront.net/trip-data/yellow_tripdata_2022-08.parquet
2022-09,2022,fhv,For-Hire Vehicle Trip Records,https://d37ci6vzurychx.cloudfront.net/trip-data/fhv_tripdata_2022-09.parquet
2022-09,2022,green,Green Taxi Trip Records,https://d37ci6vzurychx.cloudfront.net/trip-data/green_tripdata_2022-09.parquet
2022-09,2022,hvfhv,High Volume For-Hire Vehicle Trip Records,https://d37ci6vzurychx.cloudfront.net/trip-data/fhvhv_tripdata_2022-09.parquet
2022-09,2022,yellow,Yellow Taxi Trip Records,https://d37ci6vzurychx.cloudfront.net/trip-data/yellow_tripdata_2022-09.parquet
2022-10,2022,fhv,For-Hire Vehicle Trip Records,https://d37ci6vzurychx.cloudfront.net/trip-data/fhv_tripdata_2022-10.parquet
2022-10,2022,green,Green Taxi Trip Records,https://d37ci6vzurychx.cloudfront.net/trip-data/green_tripdata_2022-10.parquet
2022-10,2022,hvfhv,High Volume For-Hire Vehicle Trip Records,https://d37ci6vzurychx.cloudfront.net/trip-data/fhvhv_tripdata_2022-10.parquet
2022-10,2022,yellow,Yellow Taxi Trip Records,https://d37ci6vzurychx.cloudfront.net/trip-data/yellow_tripdata_2022-10.parquet
2022-11,2022,fhv,For-Hire Vehicle Trip Records,https://d37ci6vzurychx.cloudfront.net/trip-data/fhv_tripdata_2022-11.parquet
2022-11,2022,green,Green Taxi Trip Records,https://d37ci6vzurychx.cloudfront.net/trip-data/green_tripdata_2022-11.parquet
2022-11,2022,hvfhv,High Volume For-Hire Vehicle Trip Records,https://d37ci6vzurychx.cloudfront.net/trip-data/fhvhv_tripdata_2022-11.parquet
2022-11,2022,yellow,Yellow Taxi Trip Records,https://d37ci6vzurychx.cloudfront.net/trip-data/yellow_tripdata_2022-11.parquet
2022-12,2022,fhv,For-Hire Vehicle Trip Records,https://d37ci6vzurychx.cloudfront.net/trip-data/fhv_tripdata_2022-12.parquet
2022-12,2022,green,Green Taxi Trip Records,https://d37ci6vzurychx.cloudfront.net/trip-data/green_tripdata_2022-12.parquet
2022-12,2022,hvfhv,High Volume For-Hire Vehicle Trip Records,https://d37ci6vzurychx.cloudfront.net/trip-data/fhvhv_tripdata_2022-12.parquet
2022-12,2022,yellow,Yellow Taxi Trip Records,https://d37ci6vzurychx.cloudfront.net/trip-data/yellow_tripdata_2022-12.parquet
2023-01,2023,fhv,For-Hire Vehicle Trip Records,https://d37ci6vzurychx.cloudfront.net/trip-data/fhv_tripdata_2023-01.parquet
2023-01,2023,green,Green Taxi Trip Records,https://d37ci6vzurychx.cloudfront.net/trip-data/green_tripdata_2023-01.parquet
2023-01,2023,hvfhv,High Volume For-Hire Vehicle Trip Records,https://d37ci6vzurychx.cloudfront.net/trip-data/fhvhv_tripdata_2023-01.parquet
2023-01,2023,yellow,Yellow Taxi Trip Records,https://d37ci6vzurychx.cloudfront.net/trip-data/yellow_tripdata_2023-01.parquet
2023-02,2023,fhv,For-Hire Vehicle Trip Records,https://d37ci6vzurychx.cloudfront.net/trip-data/fhv_tripdata_2023-02.parquet
2023-02,2023,green,Green Taxi Trip Records,https://d37ci6vzurychx.cloudfront.net/trip-data/green_tripdata_2023-02.parquet
2023-02,2023,hvfhv,High Volume For-Hire Vehicle Trip Records,https://d37ci6vzurychx.cloudfront.net/trip-data/fhvhv_tripdata_2023-02.parquet
2023-02,2023,yellow,Yellow Taxi Trip Records,https://d37ci6vzurychx.cloudfront.net/trip-data/yellow_tripdata_2023-02.parquet
2023-03,2023,yellow,Yellow Taxi Trip Records,https://d37ci6vzurychx.cloudfront.net/trip-data/yellow_tripdata_2023-03.parquet
2023-04,2023,fhv,For-Hire Vehicle Trip Records,https://d37ci6vzurychx.cloudfront.net/trip-data/fhv_tripdata_2023-04.parquet
2023-04,2023,green,Green Taxi Trip Records,https://d37ci6vzurychx.cloudfront.net/trip-data/green_tripdata_2023-04.parquet
2023-04,2023,hvfhv,High Volume For-Hire Vehicle Trip Records,https://d37ci6vzurychx.cloudfront.net/trip-data/fhvhv_tripdata_2023-04.parquet
2023-04,2023,yellow,Yellow Taxi Trip Records,https://d37ci6vzurychx.cloudfront.net/trip-data/yellow_tripdata_2023-04.parquet
2023-06,2023,fhv,For-Hire Vehicle Trip Records,https://d37ci6vzurychx.cloudfront.net/trip-data/fhv_tripdata_2023-06.parquet
2023-06,2023,green,Green Taxi Trip Records,https://d37ci6vzurychx.cloudfront.net/trip-data/green_tripdata_2023-06.parquet
2023-06,2023,hvfhv,High Volume For-Hire Vehicle Trip Records,https://d37ci6vzurychx.cloudfront.net/trip-data/fhvhv_tripdata_2023-06.parquet
2023-06,2023,yellow,Yellow Taxi Trip Records,https://d37ci6vzurychx.cloudfront.net/trip-data/yellow_tripdata_2023-06.parquet
2023-12,2023,green,Green Taxi Trip Records,https://d37ci6vzurychx.cloudfront.net/trip-data/green_tripdata_2023-12.parquet
2023-12,2023,yellow,Yellow Taxi Trip Records,https://d37ci6vzurychx.cloudfront.net/trip-data/yellow_tripdata_2023-12.parquet
2024-02,2024,green,Green Taxi Trip Records,https://d37ci6vzurychx.cloudfront.net/trip-data/green_tripdata_2024-02.parquet
2024-03,2024,fhv,For-Hire Vehicle Trip Records,https://d37ci6vzurychx.cloudfront.net/trip-data/fhv_tripdata_2024-03.parquet
2024-04,2024,fhv,For-Hire Vehicle Trip Records,https://d37ci6vzurychx.cloudfront.net/trip-data/fhv_tripdata_2024-04.parquet
2024-04,2024,green,Green Taxi Trip Records,https://d37ci6vzurychx.cloudfront.net/trip-data/green_tripdata_2024-04.parquet
2024-04,2024,hvfhv,High Volume For-Hire Vehicle Trip Records,https://d37ci6vzurychx.cloudfront.net/trip-data/fhvhv_tripdata_2024-04.parquet
2024-04,2024,yellow,Yellow Taxi Trip Records,https://d37ci6vzurychx.cloudfront.net/trip-data/yellow_tripdata_2024-04.parquet
2024-05,2024,fhv,For-Hire Vehicle Trip Records,https://d37ci6vzurychx.cloudfront.net/trip-data/fhv_tripdata_2024-05.parquet
2024-05,2024,green,Green Taxi Trip Records,https://d37ci6vzurychx.cloudfront.net/trip-data/green_tripdata_2024-05.parquet
2024-05,2024,hvfhv,High Volume For-Hire Vehicle Trip Records,https://d37ci6vzurychx.cloudfront.net/trip-data/fhvhv_tripdata_2024-05.parquet
2024-05,2024,yellow,Yellow Taxi Trip Records,https://d37ci6vzurychx.cloudfront.net/trip-data/yellow_tripdata_2024-05.parquet
2024-06,2024,fhv,For-Hire Vehicle Trip Records,https://d37ci6vzurychx.cloudfront.net/trip-data/fhv_tripdata_2024-06.parquet
2024-06,2024,green,Green Taxi Trip Records,https://d37ci6vzurychx.cloudfront.net/trip-data/green_tripdata_2024-06.parquet
2024-06,2024,hvfhv,High Volume For-Hire Vehicle Trip Records,https://d37ci6vzurychx.cloudfront.net/trip-data/fhvhv_tripdata_2024-06.parquet
2024-06,2024,yellow,Yellow Taxi Trip Records,https://d37ci6vzurychx.cloudfront.net/trip-data/yellow_tripdata_2024-06.parquet
2024-07,2024,fhv,For-Hire Vehicle Trip Records,https://d37ci6vzurychx.cloudfront.net/trip-data/fhv_tripdata_2024-07.parquet
2024-07,2024,green,Green Taxi Trip Records,https://d37ci6vzurychx.cloudfront.net/trip-data/green_tripdata_2024-07.parquet
2024-07,2024,hvfhv,High Volume For-Hire Vehicle Trip Records,https://d37ci6vzurychx.cloudfront.net/trip-data/fhvhv_tripdata_2024-07.parquet
2024-07,2024,yellow,Yellow Taxi Trip Records,https://d37ci6vzurychx.cloudfront.net/trip-data/yellow_tripdata_2024-07.parquet
2024-08,2024,fhv,For-Hire Vehicle Trip Records, https://d37ci6vzurychx.cloudfront.net/trip-data/fhv_tripdata_2024-08.parquet
2024-08,2024,green,Green Taxi Trip Records,https://d37ci6vzurychx.cloudfront.net/trip-data/green_tripdata_2024-08.parquet
2024-08,2024,hvfhv,High Volume For-Hire Vehicle Trip Records,https://d37ci6vzurychx.cloudfront.net/trip-data/fhvhv_tripdata_2024-08.parquet
2024-08,2024,yellow,Yellow Taxi Trip Records,https://d37ci6vzurychx.cloudfront.net/trip-data/yellow_tripdata_2024-08.parquet
2024-09,2024,fhv,For-Hire Vehicle Trip Records,https://d37ci6vzurychx.cloudfront.net/trip-data/fhv_tripdata_2024-09.parquet
2024-09,2024,green,Green Taxi Trip Records,https://d37ci6vzurychx.cloudfront.net/trip-data/green_tripdata_2024-09.parquet
2024-09,2024,hvfhv,High Volume For-Hire Vehicle Trip Records,https://d37ci6vzurychx.cloudfront.net/trip-data/fhvhv_tripdata_2024-09.parquet
2024-09,2024,yellow,Yellow Taxi Trip Records,https://d37ci6vzurychx.cloudfront.net/trip-data/yellow_tripdata_2024-09.parquet
2024-10,2024,fhv,For-Hire Vehicle Trip Records,https://d37ci6vzurychx.cloudfront.net/trip-data/fhv_tripdata_2024-10.parquet
2024-10,2024,green,Green Taxi Trip Records,https://d37ci6vzurychx.cloudfront.net/trip-data/green_tripdata_2024-10.parquet
2024-10,2024,hvfhv,High Volume For-Hire Vehicle Trip Records,https://d37ci6vzurychx.cloudfront.net/trip-data/fhvhv_tripdata_2024-10.parquet
2024-10,2024,yellow,Yellow Taxi Trip Records,https://d37ci6vzurychx.cloudfront.net/trip-data/yellow_tripdata_2024-10.parquet
2024-11,2024,fhv,For-Hire Vehicle Trip Records,https://d37ci6vzurychx.cloudfront.net/trip-data/fhv_tripdata_2024-11.parquet
2024-11,2024,green,Green Taxi Trip Records,https://d37ci6vzurychx.cloudfront.net/trip-data/green_tripdata_2024-11.parquet
2024-11,2024,hvfhv,High Volume For-Hire Vehicle Trip Records,https://d37ci6vzurychx.cloudfront.net/trip-data/fhvhv_tripdata_2024-11.parquet
2024-11,2024,yellow,Yellow Taxi Trip Records,https://d37ci6vzurychx.cloudfront.net/trip-data/yellow_tripdata_2024-11.parquet
2024-12,2024,fhv,For-Hire Vehicle Trip Records,https://d37ci6vzurychx.cloudfront.net/trip-data/fhv_tripdata_2024-12.parquet
2024-12,2024,green,Green Taxi Trip Records,https://d37ci6vzurychx.cloudfront.net/trip-data/green_tripdata_2024-12.parquet
2024-12,2024,hvfhv,High Volume For-Hire Vehicle Trip Records,https://d37ci6vzurychx.cloudfront.net/trip-data/fhvhv_tripdata_2024-12.parquet
2024-12,2024,yellow,Yellow Taxi Trip Records,https://d37ci6vzurychx.cloudfront.net/trip-data/yellow_tripdata_2024-12.parquet
2025-01,2025,fhv,For-Hire Vehicle Trip Records,https://d37ci6vzurychx.cloudfront.net/trip-data/fhv_tripdata_2025-01.parquet
2025-01,2025,green,Green Taxi Trip Records,https://d37ci6vzurychx.cloudfront.net/trip-data/green_tripdata_2025-01.parquet
2025-01,2025,hvfhv,High Volume For-Hire Vehicle Trip Records,https://d37ci6vzurychx.cloudfront.net/trip-data/fhvhv_tripdata_2025-01.parquet
2025-01,2025,yellow,Yellow Taxi Trip Records,https://d37ci6vzurychx.cloudfront.net/trip-data/yellow_tripdata_2025-01.parquet
2025-02,2025,fhv,For-Hire Vehicle Trip Records,https://d37ci6vzurychx.cloudfront.net/trip-data/fhv_tripdata_2025-02.parquet
2025-02,2025,green,Green Taxi Trip Records,https://d37ci6vzurychx.cloudfront.net/trip-data/green_tripdata_2025-02.parquet
2025-02,2025,hvfhv,High Volume For-Hire Vehicle Trip Records,https://d37ci6vzurychx.cloudfront.net/trip-data/fhvhv_tripdata_2025-02.parquet
2025-02,2025,yellow,Yellow Taxi Trip Records,https://d37ci6vzurychx.cloudfront.net/trip-data/yellow_tripdata_2025-02.parquet
2025-03,2025,fhv,For-Hire Vehicle Trip Records,https://d37ci6vzurychx.cloudfront.net/trip-data/fhv_tripdata_2025-03.parquet
2025-03,2025,green,Green Taxi Trip Records,https://d37ci6vzurychx.cloudfront.net/trip-data/green_tripdata_2025-03.parquet
2025-03,2025,hvfhv,High Volume For-Hire Vehicle Trip Records,https://d37ci6vzurychx.cloudfront.net/trip-data/fhvhv_tripdata_2025-03.parquet
2025-03,2025,yellow,Yellow Taxi Trip Records,https://d37ci6vzurychx.cloudfront.net/trip-data/yellow_tripdata_2025-03.parquet
2025-04,2025,fhv,For-Hire Vehicle Trip Records,https://d37ci6vzurychx.cloudfront.net/trip-data/fhv_tripdata_2025-04.parquet
2025-04,2025,green,Green Taxi Trip Records,https://d37ci6vzurychx.cloudfront.net/trip-data/green_tripdata_2025-04.parquet
2025-04,2025,hvfhv,High Volume For-Hire Vehicle Trip Records,https://d37ci6vzurychx.cloudfront.net/trip-data/fhvhv_tripdata_2025-04.parquet
2025-04,2025,yellow,Yellow Taxi Trip Records,https://d37ci6vzurychx.cloudfront.net/trip-data/yellow_tripdata_2025-04.parquet
2025-05,2025,fhv,For-Hire Vehicle Trip Records,https://d37ci6vzurychx.cloudfront.net/trip-data/fhv_tripdata_2025-05.parquet
2025-05,2025,green,Green Taxi Trip Records,https://d37ci6vzurychx.cloudfront.net/trip-data/green_tripdata_2025-05.parquet
2025-05,2025,hvfhv,High Volume For-Hire Vehicle Trip Records,https://d37ci6vzurychx.cloudfront.net/trip-data/fhvhv_tripdata_2025-05.parquet
2025-05,2025,yellow,Yellow Taxi Trip Records,https://d37ci6vzurychx.cloudfront.net/trip-data/yellow_tripdata_2025-05.parquet
2025-06,2025,fhv,For-Hire Vehicle Trip Records,https://d37ci6vzurychx.cloudfront.net/trip-data/fhv_tripdata_2025-06.parquet
2025-06,2025,green,Green Taxi Trip Records,https://d37ci6vzurychx.cloudfront.net/trip-data/green_tripdata_2025-06.parquet
2025-06,2025,hvfhv,High Volume For-Hire Vehicle Trip Records,https://d37ci6vzurychx.cloudfront.net/trip-data/fhvhv_tripdata_2025-06.parquet
2025-06,2025,yellow,Yellow Taxi Trip Records,https://d37ci6vzurychx.cloudfront.net/trip-data/yellow_tripdata_2025-06.parquet
2025-07,2025,fhv,For-Hire Vehicle Trip Records,https://d37ci6vzurychx.cloudfront.net/trip-data/fhv_tripdata_2025-07.parquet
2025-07,2025,green,Green Taxi Trip Records,https://d37ci6vzurychx.cloudfront.net/trip-data/green_tripdata_2025-07.parquet
2025-07,2025,hvfhv,High Volume For-Hire Vehicle Trip Records,https://d37ci6vzurychx.cloudfront.net/trip-data/fhvhv_tripdata_2025-07.parquet
2025-07,2025,yellow,Yellow Taxi Trip Records,https://d37ci6vzurychx.cloudfront.net/trip-data/yellow_tripdata_2025-07.parquet
2025-08,2025,fhv,For-Hire Vehicle Trip Records,https://d37ci6vzurychx.cloudfront.net/trip-data/fhv_tripdata_2025-08.parquet
2025-08,2025,green,Green Taxi Trip Records,https://d37ci6vzurychx.cloudfront.net/trip-data/green_tripdata_2025-08.parquet
2025-08,2025,hvfhv,High Volume For-Hire Vehicle Trip Records,https://d37ci6vzurychx.cloudfront.net/trip-data/fhvhv_tripdata_2025-08.parquet
2025-08,2025,yellow,Yellow Taxi Trip Records,https://d37ci6vzurychx.cloudfront.net/trip-data/yellow_tripdata_2025-08.parquet
2025-09,2025,fhv,For-Hire Vehicle Trip Records,https://d37ci6vzurychx.cloudfront.net/trip-data/fhv_tripdata_2025-09.parquet
2025-09,2025,green,Green Taxi Trip Records,https://d37ci6vzurychx.cloudfront.net/trip-data/green_tripdata_2025-09.parquet
2025-09,2025,hvfhv,High Volume For-Hire Vehicle Trip Records,https://d37ci6vzurychx.cloudfront.net/trip-data/fhvhv_tripdata_2025-09.parquet
2025-09,2025,yellow,Yellow Taxi Trip Records,https://d37ci6vzurychx.cloudfront.net/trip-data/yellow_tripdata_2025-09.parquet
2025-10,2025,fhv,For-Hire Vehicle Trip Records,https://d37ci6vzurychx.cloudfront.net/trip-data/fhv_tripdata_2025-10.parquet
2025-10,2025,green,Green Taxi Trip Records,https://d37ci6vzurychx.cloudfront.net/trip-data/green_tripdata_2025-10.parquet
2025-10,2025,hvfhv,High Volume For-Hire Vehicle Trip Records,https://d37ci6vzurychx.cloudfront.net/trip-data/fhvhv_tripdata_2025-10.parquet
2025-10,2025,yellow,Yellow Taxi Trip Records,https://d37ci6vzurychx.cloudfront.net/trip-data/yellow_tripdata_2025-10.parquet
2025-11,2025,fhv,For-Hire Vehicle Trip Records,https://d37ci6vzurychx.cloudfront.net/trip-data/fhv_tripdata_2025-11.parquet
2025-11,2025,green,Green Taxi Trip Records,https://d37ci6vzurychx.cloudfront.net/trip-data/green_tripdata_2025-11.parquet
2025-11,2025,hvfhv,High Volume For-Hire Vehicle Trip Records,https://d37ci6vzurychx.cloudfront.net/trip-data/fhvhv_tripdata_2025-11.parquet
2025-11,2025,yellow,Yellow Taxi Trip Records,https://d37ci6vzurychx.cloudfront.net/trip-data/yellow_tripdata_2025-11.parquet
2025-12,2025,fhv,For-Hire Vehicle Trip Records,https://d37ci6vzurychx.cloudfront.net/trip-data/fhv_tripdata_2025-12.parquet
2025-12,2025,green,Green Taxi Trip Records,https://d37ci6vzurychx.cloudfront.net/trip-data/green_tripdata_2025-12.parquet
2025-12,2025,hvfhv,High Volume For-Hire Vehicle Trip Records,https://d37ci6vzurychx.cloudfront.net/trip-data/fhvhv_tripdata_2025-12.parquet
2025-12,2025,yellow,Yellow Taxi Trip Records,https://d37ci6vzurychx.cloudfront.net/trip-data/yellow_tripdata_2025-12.parquet
2026-01,2026,fhv,For-Hire Vehicle Trip Records,https://d37ci6vzurychx.cloudfront.net/trip-data/fhv_tripdata_2026-01.parquet
2026-01,2026,green,Green Taxi Trip Records,https://d37ci6vzurychx.cloudfront.net/trip-data/green_tripdata_2026-01.parquet
2026-01,2026,hvfhv,High Volume For-Hire Vehicle Trip Records,https://d37ci6vzurychx.cloudfront.net/trip-data/fhvhv_tripdata_2026-01.parquet
2026-01,2026,yellow,Yellow Taxi Trip Records,https://d37ci6vzurychx.cloudfront.net/trip-data/yellow_tripdata_2026-01.parquet
2026-02,2026,fhv,For-Hire Vehicle Trip Records,https://d37ci6vzurychx.cloudfront.net/trip-data/fhv_tripdata_2026-02.parquet
2026-02,2026,green,Green Taxi Trip Records,https://d37ci6vzurychx.cloudfront.net/trip-data/green_tripdata_2026-02.parquet
2026-02,2026,hvfhv,High Volume For-Hire Vehicle Trip Records,https://d37ci6vzurychx.cloudfront.net/trip-data/fhvhv_tripdata_2026-02.parquet
2026-02,2026,yellow,Yellow Taxi Trip Records,https://d37ci6vzurychx.cloudfront.net/trip-data/yellow_tripdata_2026-02.parquet
2026-03,2026,green,Green Taxi Trip Records,https://d37ci6vzurychx.cloudfront.net/trip-data/green_tripdata_2026-03.parquet
2026-03,2026,hvfhv,High Volume For-Hire Vehicle Trip Records,https://d37ci6vzurychx.cloudfront.net/trip-data/fhvhv_tripdata_2026-03.parquet
2026-03,2026,yellow,Yellow Taxi Trip Records,https://d37ci6vzurychx.cloudfront.net/trip-data/yellow_tripdata_2026-03.parquet
