weekday_num,weekday,hour,base,base_name,trips
0,Monday,0,B02512,Unter,223
0,Monday,0,B02598,Hinter,1920
0,Monday,0,B02617,Weiter,2232
0,Monday,0,B02682,Schmecken,1670
0,Monday,0,B02764,Danach-NY,391
0,Monday,1,B02512,Unter,117
0,Monday,1,B02598,Hinter,1078
0,Monday,1,B02617,Weiter,1348
0,Monday,1,B02682,Schmecken,938
0,Monday,1,B02764,Danach-NY,256
0,Monday,2,B02512,Unter,127
0,Monday,2,B02598,Hinter,889
0,Monday,2,B02617,Weiter,991
0,Monday,2,B02682,Schmecken,715
0,Monday,2,B02764,Danach-NY,216
0,Monday,3,B02512,Unter,256
0,Monday,3,B02598,Hinter,1972
0,Monday,3,B02617,Weiter,1963
0,Monday,3,B02682,Schmecken,1699
0,Monday,3,B02764,Danach-NY,342
0,Monday,4,B02512,Unter,360
0,Monday,4,B02598,Hinter,3030
0,Monday,4,B02617,Weiter,3066
0,Monday,4,B02682,Schmecken,2669
0,Monday,4,B02764,Danach-NY,515
0,Monday,5,B02512,Unter,592
0,Monday,5,B02598,Hinter,4396
0,Monday,5,B02617,Weiter,4918
0,Monday,5,B02682,Schmecken,4326
0,Monday,5,B02764,Danach-NY,800
0,Monday,6,B02512,Unter,1095
0,Monday,6,B02598,Hinter,7002
0,Monday,6,B02617,Weiter,7467
0,Monday,6,B02682,Schmecken,6897
0,Monday,6,B02764,Danach-NY,1285
0,Monday,7,B02512,Unter,1446
0,Monday,7,B02598,Hinter,9348
0,Monday,7,B02617,Weiter,9812
0,Monday,7,B02682,Schmecken,9025
0,Monday,7,B02764,Danach-NY,1528
0,Monday,8,B02512,Unter,1251
0,Monday,8,B02598,Hinter,8759
0,Monday,8,B02617,Weiter,9328
0,Monday,8,B02682,Schmecken,8262
0,Monday,8,B02764,Danach-NY,1665
0,Monday,9,B02512,Unter,1006
0,Monday,9,B02598,Hinter,6666
0,Monday,9,B02617,Weiter,7092
0,Monday,9,B02682,Schmecken,5973
0,Monday,9,B02764,Danach-NY,1460
0,Monday,10,B02512,Unter,1048
0,Monday,10,B02598,Hinter,6029
0,Monday,10,B02617,Weiter,6618
0,Monday,10,B02682,Schmecken,5324
0,Monday,10,B02764,Danach-NY,1269
0,Monday,11,B02512,Unter,1033
0,Monday,11,B02598,Hinter,6026
0,Monday,11,B02617,Weiter,6711
0,Monday,11,B02682,Schmecken,5206
0,Monday,11,B02764,Danach-NY,1357
0,Monday,12,B02512,Unter,1066
0,Monday,12,B02598,Hinter,6032
0,Monday,12,B02617,Weiter,6746
0,Monday,12,B02682,Schmecken,5249
0,Monday,12,B02764,Danach-NY,1395
0,Monday,13,B02512,Unter,1225
0,Monday,13,B02598,Hinter,7044
0,Monday,13,B02617,Weiter,7675
0,Monday,13,B02682,Schmecken,5917
0,Monday,13,B02764,Danach-NY,1524
0,Monday,14,B02512,Unter,1376
0,Monday,14,B02598,Hinter,8602
0,Monday,14,B02617,Weiter,9090
0,Monday,14,B02682,Schmecken,7299
0,Monday,14,B02764,Danach-NY,1790
0,Monday,15,B02512,Unter,1625
0,Monday,15,B02598,Hinter,10074
0,Monday,15,B02617,Weiter,10477
0,Monday,15,B02682,Schmecken,8437
0,Monday,15,B02764,Danach-NY,2131
0,Monday,16,B02512,Unter,1912
0,Monday,16,B02598,Hinter,11870
0,Monday,16,B02617,Weiter,12480
0,Monday,16,B02682,Schmecken,10190
0,Monday,16,B02764,Danach-NY,2318
0,Monday,17,B02512,Unter,2077
0,Monday,17,B02598,Hinter,12859
0,Monday,17,B02617,Weiter,13596
0,Monday,17,B02682,Schmecken,11036
0,Monday,17,B02764,Danach-NY,2455
0,Monday,18,B02512,Unter,1760
0,Monday,18,B02598,Hinter,11032
0,Monday,18,B02617,Weiter,12305
0,Monday,18,B02682,Schmecken,9486
0,Monday,18,B02764,Danach-NY,2417
0,Monday,19,B02512,Unter,1711
0,Monday,19,B02598,Hinter,10277
0,Monday,19,B02617,Weiter,11317
0,Monday,19,B02682,Schmecken,8814
0,Monday,19,B02764,Danach-NY,2040
0,Monday,20,B02512,Unter,1545
0,Monday,20,B02598,Hinter,9922
0,Monday,20,B02617,Weiter,10910
0,Monday,20,B02682,Schmecken,8471
0,Monday,20,B02764,Danach-NY,2001
0,Monday,21,B02512,Unter,1334
0,Monday,21,B02598,Hinter,8898
0,Monday,21,B02617,Weiter,9582
0,Monday,21,B02682,Schmecken,7457
0,Monday,21,B02764,Danach-NY,1654
0,Monday,22,B02512,Unter,837
0,Monday,22,B02598,Hinter,6182
0,Monday,22,B02617,Weiter,6759
0,Monday,22,B02682,Schmecken,5167
0,Monday,22,B02764,Danach-NY,1213
0,Monday,23,B02512,Unter,438
0,Monday,23,B02598,Hinter,3635
0,Monday,23,B02617,Weiter,3933
0,Monday,23,B02682,Schmecken,3145
0,Monday,23,B02764,Danach-NY,660
1,Tuesday,0,B02512,Unter,222
1,Tuesday,0,B02598,Hinter,1886
1,Tuesday,0,B02617,Weiter,1991
1,Tuesday,0,B02682,Schmecken,1765
1,Tuesday,0,B02764,Danach-NY,373
1,Tuesday,1,B02512,Unter,124
1,Tuesday,1,B02598,Hinter,1082
1,Tuesday,1,B02617,Weiter,1128
1,Tuesday,1,B02682,Schmecken,946
1,Tuesday,1,B02764,Danach-NY,229
1,Tuesday,2,B02512,Unter,83
1,Tuesday,2,B02598,Hinter,802
1,Tuesday,2,B02617,Weiter,801
1,Tuesday,2,B02682,Schmecken,730
1,Tuesday,2,B02764,Danach-NY,155
1,Tuesday,3,B02512,Unter,178
1,Tuesday,3,B02598,Hinter,1432
1,Tuesday,3,B02617,Weiter,1374
1,Tuesday,3,B02682,Schmecken,1252
1,Tuesday,3,B02764,Danach-NY,258
1,Tuesday,4,B02512,Unter,282
1,Tuesday,4,B02598,Hinter,2287
1,Tuesday,4,B02617,Weiter,2410
1,Tuesday,4,B02682,Schmecken,2112
1,Tuesday,4,B02764,Danach-NY,457
1,Tuesday,5,B02512,Unter,517
1,Tuesday,5,B02598,Hinter,4109
1,Tuesday,5,B02617,Weiter,4721
1,Tuesday,5,B02682,Schmecken,4000
1,Tuesday,5,B02764,Danach-NY,894
1,Tuesday,6,B02512,Unter,1151
1,Tuesday,6,B02598,Hinter,7861
1,Tuesday,6,B02617,Weiter,8644
1,Tuesday,6,B02682,Schmecken,7655
1,Tuesday,6,B02764,Danach-NY,1561
1,Tuesday,7,B02512,Unter,1656
1,Tuesday,7,B02598,Hinter,10806
1,Tuesday,7,B02617,Weiter,11611
1,Tuesday,7,B02682,Schmecken,10510
1,Tuesday,7,B02764,Danach-NY,2016
1,Tuesday,8,B02512,Unter,1443
1,Tuesday,8,B02598,Hinter,9917
1,Tuesday,8,B02617,Weiter,10970
1,Tuesday,8,B02682,Schmecken,9576
1,Tuesday,8,B02764,Danach-NY,2028
1,Tuesday,9,B02512,Unter,1114
1,Tuesday,9,B02598,Hinter,7303
1,Tuesday,9,B02617,Weiter,8214
1,Tuesday,9,B02682,Schmecken,6777
1,Tuesday,9,B02764,Danach-NY,1615
1,Tuesday,10,B02512,Unter,1229
1,Tuesday,10,B02598,Hinter,6914
1,Tuesday,10,B02617,Weiter,7776
1,Tuesday,10,B02682,Schmecken,6228
1,Tuesday,10,B02764,Danach-NY,1529
1,Tuesday,11,B02512,Unter,1275
1,Tuesday,11,B02598,Hinter,6887
1,Tuesday,11,B02617,Weiter,7805
1,Tuesday,11,B02682,Schmecken,6200
1,Tuesday,11,B02764,Danach-NY,1512
1,Tuesday,12,B02512,Unter,1282
1,Tuesday,12,B02598,Hinter,7242
1,Tuesday,12,B02617,Weiter,7656
1,Tuesday,12,B02682,Schmecken,6133
1,Tuesday,12,B02764,Danach-NY,1537
1,Tuesday,13,B02512,Unter,1556
1,Tuesday,13,B02598,Hinter,8924
1,Tuesday,13,B02617,Weiter,9385
1,Tuesday,13,B02682,Schmecken,7390
1,Tuesday,13,B02764,Danach-NY,1820
1,Tuesday,14,B02512,Unter,1744
1,Tuesday,14,B02598,Hinter,10971
1,Tuesday,14,B02617,Weiter,11072
1,Tuesday,14,B02682,Schmecken,8942
1,Tuesday,14,B02764,Danach-NY,2117
1,Tuesday,15,B02512,Unter,2034
1,Tuesday,15,B02598,Hinter,13054
1,Tuesday,15,B02617,Weiter,12987
1,Tuesday,15,B02682,Schmecken,10771
1,Tuesday,15,B02764,Danach-NY,2492
1,Tuesday,16,B02512,Unter,2503
1,Tuesday,16,B02598,Hinter,15351
1,Tuesday,16,B02617,Weiter,15321
1,Tuesday,16,B02682,Schmecken,12751
1,Tuesday,16,B02764,Danach-NY,2741
1,Tuesday,17,B02512,Unter,2875
1,Tuesday,17,B02598,Hinter,17329
1,Tuesday,17,B02617,Weiter,17696
1,Tuesday,17,B02682,Schmecken,14547
1,Tuesday,17,B02764,Danach-NY,3053
1,Tuesday,18,B02512,Unter,2484
1,Tuesday,18,B02598,Hinter,15644
1,Tuesday,18,B02617,Weiter,16170
1,Tuesday,18,B02682,Schmecken,12861
1,Tuesday,18,B02764,Danach-NY,3027
1,Tuesday,19,B02512,Unter,2167
1,Tuesday,19,B02598,Hinter,13778
1,Tuesday,19,B02617,Weiter,14509
1,Tuesday,19,B02682,Schmecken,11590
1,Tuesday,19,B02764,Danach-NY,2745
1,Tuesday,20,B02512,Unter,2205
1,Tuesday,20,B02598,Hinter,13601
1,Tuesday,20,B02617,Weiter,14628
1,Tuesday,20,B02682,Schmecken,11630
1,Tuesday,20,B02764,Danach-NY,2597
1,Tuesday,21,B02512,Unter,1843
1,Tuesday,21,B02598,Hinter,12302
1,Tuesday,21,B02617,Weiter,13036
1,Tuesday,21,B02682,Schmecken,10472
1,Tuesday,21,B02764,Danach-NY,2260
1,Tuesday,22,B02512,Unter,1161
1,Tuesday,22,B02598,Hinter,8406
1,Tuesday,22,B02617,Weiter,9249
1,Tuesday,22,B02682,Schmecken,7277
1,Tuesday,22,B02764,Danach-NY,1619
1,Tuesday,23,B02512,Unter,542
1,Tuesday,23,B02598,Hinter,4490
1,Tuesday,23,B02617,Weiter,5013
1,Tuesday,23,B02682,Schmecken,4083
1,Tuesday,23,B02764,Danach-NY,741
2,Wednesday,0,B02512,Unter,293
2,Wednesday,0,B02598,Hinter,2245
2,Wednesday,0,B02617,Weiter,2557
2,Wednesday,0,B02682,Schmecken,2164
2,Wednesday,0,B02764,Danach-NY,385
2,Wednesday,1,B02512,Unter,153
2,Wednesday,1,B02598,Hinter,1254
2,Wednesday,1,B02617,Weiter,1490
2,Wednesday,1,B02682,Schmecken,1197
2,Wednesday,1,B02764,Danach-NY,230
2,Wednesday,2,B02512,Unter,103
2,Wednesday,2,B02598,Hinter,972
2,Wednesday,2,B02617,Weiter,1007
2,Wednesday,2,B02682,Schmecken,899
2,Wednesday,2,B02764,Danach-NY,160
2,Wednesday,3,B02512,Unter,173
2,Wednesday,3,B02598,Hinter,1558
2,Wednesday,3,B02617,Weiter,1498
2,Wednesday,3,B02682,Schmecken,1383
2,Wednesday,3,B02764,Danach-NY,243
2,Wednesday,4,B02512,Unter,246
2,Wednesday,4,B02598,Hinter,2283
2,Wednesday,4,B02617,Weiter,2388
2,Wednesday,4,B02682,Schmecken,2216
2,Wednesday,4,B02764,Danach-NY,378
2,Wednesday,5,B02512,Unter,524
2,Wednesday,5,B02598,Hinter,4062
2,Wednesday,5,B02617,Weiter,4512
2,Wednesday,5,B02682,Schmecken,4000
2,Wednesday,5,B02764,Danach-NY,696
2,Wednesday,6,B02512,Unter,1184
2,Wednesday,6,B02598,Hinter,8150
2,Wednesday,6,B02617,Weiter,8548
2,Wednesday,6,B02682,Schmecken,7759
2,Wednesday,6,B02764,Danach-NY,1302
2,Wednesday,7,B02512,Unter,1671
2,Wednesday,7,B02598,Hinter,11172
2,Wednesday,7,B02617,Weiter,11466
2,Wednesday,7,B02682,Schmecken,10544
2,Wednesday,7,B02764,Danach-NY,1642
2,Wednesday,8,B02512,Unter,1406
2,Wednesday,8,B02598,Hinter,10413
2,Wednesday,8,B02617,Weiter,10742
2,Wednesday,8,B02682,Schmecken,9670
2,Wednesday,8,B02764,Danach-NY,1595
2,Wednesday,9,B02512,Unter,1149
2,Wednesday,9,B02598,Hinter,7658
2,Wednesday,9,B02617,Weiter,8178
2,Wednesday,9,B02682,Schmecken,7345
2,Wednesday,9,B02764,Danach-NY,1305
2,Wednesday,10,B02512,Unter,1276
2,Wednesday,10,B02598,Hinter,7460
2,Wednesday,10,B02617,Weiter,7835
2,Wednesday,10,B02682,Schmecken,6805
2,Wednesday,10,B02764,Danach-NY,1320
2,Wednesday,11,B02512,Unter,1293
2,Wednesday,11,B02598,Hinter,7507
2,Wednesday,11,B02617,Weiter,7951
2,Wednesday,11,B02682,Schmecken,6875
2,Wednesday,11,B02764,Danach-NY,1337
2,Wednesday,12,B02512,Unter,1379
2,Wednesday,12,B02598,Hinter,7878
2,Wednesday,12,B02617,Weiter,7992
2,Wednesday,12,B02682,Schmecken,6905
2,Wednesday,12,B02764,Danach-NY,1379
2,Wednesday,13,B02512,Unter,1539
2,Wednesday,13,B02598,Hinter,9072
2,Wednesday,13,B02617,Weiter,9195
2,Wednesday,13,B02682,Schmecken,7764
2,Wednesday,13,B02764,Danach-NY,1613
2,Wednesday,14,B02512,Unter,1762
2,Wednesday,14,B02598,Hinter,11201
2,Wednesday,14,B02617,Weiter,11063
2,Wednesday,14,B02682,Schmecken,9307
2,Wednesday,14,B02764,Danach-NY,1815
2,Wednesday,15,B02512,Unter,2157
2,Wednesday,15,B02598,Hinter,14103
2,Wednesday,15,B02617,Weiter,13479
2,Wednesday,15,B02682,Schmecken,11569
2,Wednesday,15,B02764,Danach-NY,2080
2,Wednesday,16,B02512,Unter,2538
2,Wednesday,16,B02598,Hinter,16281
2,Wednesday,16,B02617,Weiter,15784
2,Wednesday,16,B02682,Schmecken,13623
2,Wednesday,16,B02764,Danach-NY,2458
2,Wednesday,17,B02512,Unter,2806
2,Wednesday,17,B02598,Hinter,17514
2,Wednesday,17,B02617,Weiter,17646
2,Wednesday,17,B02682,Schmecken,14972
2,Wednesday,17,B02764,Danach-NY,2699
2,Wednesday,18,B02512,Unter,2622
2,Wednesday,18,B02598,Hinter,16659
2,Wednesday,18,B02617,Weiter,16821
2,Wednesday,18,B02682,Schmecken,14006
2,Wednesday,18,B02764,Danach-NY,2624
2,Wednesday,19,B02512,Unter,2270
2,Wednesday,19,B02598,Hinter,14574
2,Wednesday,19,B02617,Weiter,15239
2,Wednesday,19,B02682,Schmecken,12507
2,Wednesday,19,B02764,Danach-NY,2427
2,Wednesday,20,B02512,Unter,2247
2,Wednesday,20,B02598,Hinter,14869
2,Wednesday,20,B02617,Weiter,15662
2,Wednesday,20,B02682,Schmecken,12659
2,Wednesday,20,B02764,Danach-NY,2335
2,Wednesday,21,B02512,Unter,2047
2,Wednesday,21,B02598,Hinter,13993
2,Wednesday,21,B02617,Weiter,14514
2,Wednesday,21,B02682,Schmecken,11969
2,Wednesday,21,B02764,Danach-NY,2030
2,Wednesday,22,B02512,Unter,1398
2,Wednesday,22,B02598,Hinter,10207
2,Wednesday,22,B02617,Weiter,11077
2,Wednesday,22,B02682,Schmecken,8654
2,Wednesday,22,B02764,Danach-NY,1532
2,Wednesday,23,B02512,Unter,693
2,Wednesday,23,B02598,Hinter,5559
2,Wednesday,23,B02617,Weiter,6025
2,Wednesday,23,B02682,Schmecken,5071
2,Wednesday,23,B02764,Danach-NY,798
3,Thursday,0,B02512,Unter,325
3,Thursday,0,B02598,Hinter,2824
3,Thursday,0,B02617,Weiter,3113
3,Thursday,0,B02682,Schmecken,2536
3,Thursday,0,B02764,Danach-NY,495
3,Thursday,1,B02512,Unter,193
3,Thursday,1,B02598,Hinter,1535
3,Thursday,1,B02617,Weiter,1804
3,Thursday,1,B02682,Schmecken,1511
3,Thursday,1,B02764,Danach-NY,247
3,Thursday,2,B02512,Unter,137
3,Thursday,2,B02598,Hinter,1114
3,Thursday,2,B02617,Weiter,1227
3,Thursday,2,B02682,Schmecken,1031
3,Thursday,2,B02764,Danach-NY,210
3,Thursday,3,B02512,Unter,204
3,Thursday,3,B02598,Hinter,1774
3,Thursday,3,B02617,Weiter,1787
3,Thursday,3,B02682,Schmecken,1597
3,Thursday,3,B02764,Danach-NY,275
3,Thursday,4,B02512,Unter,277
3,Thursday,4,B02598,Hinter,2635
3,Thursday,4,B02617,Weiter,2680
3,Thursday,4,B02682,Schmecken,2516
3,Thursday,4,B02764,Danach-NY,397
3,Thursday,5,B02512,Unter,546
3,Thursday,5,B02598,Hinter,4218
3,Thursday,5,B02617,Weiter,4493
3,Thursday,5,B02682,Schmecken,4249
3,Thursday,5,B02764,Danach-NY,663
3,Thursday,6,B02512,Unter,1186
3,Thursday,6,B02598,Hinter,8143
3,Thursday,6,B02617,Weiter,8347
3,Thursday,6,B02682,Schmecken,8138
3,Thursday,6,B02764,Danach-NY,1251
3,Thursday,7,B02512,Unter,1696
3,Thursday,7,B02598,Hinter,11200
3,Thursday,7,B02617,Weiter,11510
3,Thursday,7,B02682,Schmecken,10806
3,Thursday,7,B02764,Danach-NY,1826
3,Thursday,8,B02512,Unter,1564
3,Thursday,8,B02598,Hinter,10863
3,Thursday,8,B02617,Weiter,10898
3,Thursday,8,B02682,Schmecken,10222
3,Thursday,8,B02764,Danach-NY,1884
3,Thursday,9,B02512,Unter,1301
3,Thursday,9,B02598,Hinter,8477
3,Thursday,9,B02617,Weiter,8659
3,Thursday,9,B02682,Schmecken,7743
3,Thursday,9,B02764,Danach-NY,1632
3,Thursday,10,B02512,Unter,1351
3,Thursday,10,B02598,Hinter,7839
3,Thursday,10,B02617,Weiter,8130
3,Thursday,10,B02682,Schmecken,7053
3,Thursday,10,B02764,Danach-NY,1504
3,Thursday,11,B02512,Unter,1402
3,Thursday,11,B02598,Hinter,7772
3,Thursday,11,B02617,Weiter,8270
3,Thursday,11,B02682,Schmecken,7010
3,Thursday,11,B02764,Danach-NY,1512
3,Thursday,12,B02512,Unter,1440
3,Thursday,12,B02598,Hinter,8293
3,Thursday,12,B02617,Weiter,8353
3,Thursday,12,B02682,Schmecken,6822
3,Thursday,12,B02764,Danach-NY,1557
3,Thursday,13,B02512,Unter,1661
3,Thursday,13,B02598,Hinter,9555
3,Thursday,13,B02617,Weiter,9695
3,Thursday,13,B02682,Schmecken,8166
3,Thursday,13,B02764,Danach-NY,1763
3,Thursday,14,B02512,Unter,1813
3,Thursday,14,B02598,Hinter,11693
3,Thursday,14,B02617,Weiter,11553
3,Thursday,14,B02682,Schmecken,9727
3,Thursday,14,B02764,Danach-NY,1913
3,Thursday,15,B02512,Unter,2195
3,Thursday,15,B02598,Hinter,14243
3,Thursday,15,B02617,Weiter,14004
3,Thursday,15,B02682,Schmecken,11718
3,Thursday,15,B02764,Danach-NY,2282
3,Thursday,16,B02512,Unter,2444
3,Thursday,16,B02598,Hinter,15977
3,Thursday,16,B02617,Weiter,15859
3,Thursday,16,B02682,Schmecken,13640
3,Thursday,16,B02764,Danach-NY,2640
3,Thursday,17,B02512,Unter,2692
3,Thursday,17,B02598,Hinter,17868
3,Thursday,17,B02617,Weiter,17856
3,Thursday,17,B02682,Schmecken,15312
3,Thursday,17,B02764,Danach-NY,2976
3,Thursday,18,B02512,Unter,2586
3,Thursday,18,B02598,Hinter,17707
3,Thursday,18,B02617,Weiter,17854
3,Thursday,18,B02682,Schmecken,14677
3,Thursday,18,B02764,Danach-NY,3001
3,Thursday,19,B02512,Unter,2386
3,Thursday,19,B02598,Hinter,16262
3,Thursday,19,B02617,Weiter,16768
3,Thursday,19,B02682,Schmecken,13684
3,Thursday,19,B02764,Danach-NY,2807
3,Thursday,20,B02512,Unter,2318
3,Thursday,20,B02598,Hinter,16466
3,Thursday,20,B02617,Weiter,16839
3,Thursday,20,B02682,Schmecken,13727
3,Thursday,20,B02764,Danach-NY,2640
3,Thursday,21,B02512,Unter,2409
3,Thursday,21,B02598,Hinter,16390
3,Thursday,21,B02617,Weiter,16614
3,Thursday,21,B02682,Schmecken,13991
3,Thursday,21,B02764,Danach-NY,2549
3,Thursday,22,B02512,Unter,1921
3,Thursday,22,B02598,Hinter,13879
3,Thursday,22,B02617,Weiter,14441
3,Thursday,22,B02682,Schmecken,11784
3,Thursday,22,B02764,Danach-NY,2169
3,Thursday,23,B02512,Unter,985
3,Thursday,23,B02598,Hinter,8430
3,Thursday,23,B02617,Weiter,9462
3,Thursday,23,B02682,Schmecken,7431
3,Thursday,23,B02764,Danach-NY,1456
4,Friday,0,B02512,Unter,473
4,Friday,0,B02598,Hinter,4033
4,Friday,0,B02617,Weiter,4753
4,Friday,0,B02682,Schmecken,3750
4,Friday,0,B02764,Danach-NY,707
4,Friday,1,B02512,Unter,276
4,Friday,1,B02598,Hinter,2415
4,Friday,1,B02617,Weiter,2799
4,Friday,1,B02682,Schmecken,2233
4,Friday,1,B02764,Danach-NY,440
4,Friday,2,B02512,Unter,197
4,Friday,2,B02598,Hinter,1634
4,Friday,2,B02617,Weiter,1809
4,Friday,2,B02682,Schmecken,1431
4,Friday,2,B02764,Danach-NY,279
4,Friday,3,B02512,Unter,242
4,Friday,3,B02598,Hinter,2213
4,Friday,3,B02617,Weiter,2194
4,Friday,3,B02682,Schmecken,1926
4,Friday,3,B02764,Danach-NY,355
4,Friday,4,B02512,Unter,300
4,Friday,4,B02598,Hinter,2752
4,Friday,4,B02617,Weiter,2732
4,Friday,4,B02682,Schmecken,2526
4,Friday,4,B02764,Danach-NY,496
4,Friday,5,B02512,Unter,511
4,Friday,5,B02598,Hinter,3867
4,Friday,5,B02617,Weiter,4335
4,Friday,5,B02682,Schmecken,3994
4,Friday,5,B02764,Danach-NY,743
4,Friday,6,B02512,Unter,1015
4,Friday,6,B02598,Hinter,7001
4,Friday,6,B02617,Weiter,7206
4,Friday,6,B02682,Schmecken,6990
4,Friday,6,B02764,Danach-NY,1200
4,Friday,7,B02512,Unter,1443
4,Friday,7,B02598,Hinter,9727
4,Friday,7,B02617,Weiter,9875
4,Friday,7,B02682,Schmecken,9428
4,Friday,7,B02764,Danach-NY,1588
4,Friday,8,B02512,Unter,1379
4,Friday,8,B02598,Hinter,9652
4,Friday,8,B02617,Weiter,9739
4,Friday,8,B02682,Schmecken,9071
4,Friday,8,B02764,Danach-NY,1668
4,Friday,9,B02512,Unter,1162
4,Friday,9,B02598,Hinter,7666
4,Friday,9,B02617,Weiter,7856
4,Friday,9,B02682,Schmecken,7003
4,Friday,9,B02764,Danach-NY,1543
4,Friday,10,B02512,Unter,1154
4,Friday,10,B02598,Hinter,7162
4,Friday,10,B02617,Weiter,7752
4,Friday,10,B02682,Schmecken,6601
4,Friday,10,B02764,Danach-NY,1507
4,Friday,11,B02512,Unter,1335
4,Friday,11,B02598,Hinter,7461
4,Friday,11,B02617,Weiter,8084
4,Friday,11,B02682,Schmecken,6824
4,Friday,11,B02764,Danach-NY,1484
4,Friday,12,B02512,Unter,1460
4,Friday,12,B02598,Hinter,7924
4,Friday,12,B02617,Weiter,8089
4,Friday,12,B02682,Schmecken,6911
4,Friday,12,B02764,Danach-NY,1523
4,Friday,13,B02512,Unter,1662
4,Friday,13,B02598,Hinter,9302
4,Friday,13,B02617,Weiter,9773
4,Friday,13,B02682,Schmecken,7871
4,Friday,13,B02764,Danach-NY,1733
4,Friday,14,B02512,Unter,1842
4,Friday,14,B02598,Hinter,11297
4,Friday,14,B02617,Weiter,11431
4,Friday,14,B02682,Schmecken,9542
4,Friday,14,B02764,Danach-NY,2094
4,Friday,15,B02512,Unter,2152
4,Friday,15,B02598,Hinter,13698
4,Friday,15,B02617,Weiter,13762
4,Friday,15,B02682,Schmecken,11818
4,Friday,15,B02764,Danach-NY,2243
4,Friday,16,B02512,Unter,2252
4,Friday,16,B02598,Hinter,15113
4,Friday,16,B02617,Weiter,15304
4,Friday,16,B02682,Schmecken,12972
4,Friday,16,B02764,Danach-NY,2528
4,Friday,17,B02512,Unter,2317
4,Friday,17,B02598,Hinter,16306
4,Friday,17,B02617,Weiter,16433
4,Friday,17,B02682,Schmecken,14016
4,Friday,17,B02764,Danach-NY,2889
4,Friday,18,B02512,Unter,2442
4,Friday,18,B02598,Hinter,17376
4,Friday,18,B02617,Weiter,17030
4,Friday,18,B02682,Schmecken,14770
4,Friday,18,B02764,Danach-NY,3144
4,Friday,19,B02512,Unter,2196
4,Friday,19,B02598,Hinter,15439
4,Friday,19,B02617,Weiter,15455
4,Friday,19,B02682,Schmecken,13422
4,Friday,19,B02764,Danach-NY,3083
4,Friday,20,B02512,Unter,1900
4,Friday,20,B02598,Hinter,13611
4,Friday,20,B02617,Weiter,13774
4,Friday,20,B02682,Schmecken,11657
4,Friday,20,B02764,Danach-NY,2600
4,Friday,21,B02512,Unter,2025
4,Friday,21,B02598,Hinter,15420
4,Friday,21,B02617,Weiter,15184
4,Friday,21,B02682,Schmecken,12830
4,Friday,21,B02764,Danach-NY,2864
4,Friday,22,B02512,Unter,2019
4,Friday,22,B02598,Hinter,15820
4,Friday,22,B02617,Weiter,15580
4,Friday,22,B02682,Schmecken,13130
4,Friday,22,B02764,Danach-NY,2860
4,Friday,23,B02512,Unter,1565
4,Friday,23,B02598,Hinter,13019
4,Friday,23,B02617,Weiter,13430
4,Friday,23,B02682,Schmecken,10878
4,Friday,23,B02764,Danach-NY,2368
5,Saturday,0,B02512,Unter,928
5,Saturday,0,B02598,Hinter,8340
5,Saturday,0,B02617,Weiter,9277
5,Saturday,0,B02682,Schmecken,7261
5,Saturday,0,B02764,Danach-NY,1827
5,Saturday,1,B02512,Unter,601
5,Saturday,1,B02598,Hinter,5523
5,Saturday,1,B02617,Weiter,6687
5,Saturday,1,B02682,Schmecken,5032
5,Saturday,1,B02764,Danach-NY,1346
5,Saturday,2,B02512,Unter,371
5,Saturday,2,B02598,Hinter,3730
5,Saturday,2,B02617,Weiter,4431
5,Saturday,2,B02682,Schmecken,3289
5,Saturday,2,B02764,Danach-NY,889
5,Saturday,3,B02512,Unter,261
5,Saturday,3,B02598,Hinter,2915
5,Saturday,3,B02617,Weiter,3281
5,Saturday,3,B02682,Schmecken,2443
5,Saturday,3,B02764,Danach-NY,642
5,Saturday,4,B02512,Unter,183
5,Saturday,4,B02598,Hinter,2141
5,Saturday,4,B02617,Weiter,2217
5,Saturday,4,B02682,Schmecken,1848
5,Saturday,4,B02764,Danach-NY,457
5,Saturday,5,B02512,Unter,200
5,Saturday,5,B02598,Hinter,2187
5,Saturday,5,B02617,Weiter,2241
5,Saturday,5,B02682,Schmecken,2049
5,Saturday,5,B02764,Danach-NY,407
5,Saturday,6,B02512,Unter,300
5,Saturday,6,B02598,Hinter,2503
5,Saturday,6,B02617,Weiter,2737
5,Saturday,6,B02682,Schmecken,2470
5,Saturday,6,B02764,Danach-NY,569
5,Saturday,7,B02512,Unter,425
5,Saturday,7,B02598,Hinter,3225
5,Saturday,7,B02617,Weiter,3482
5,Saturday,7,B02682,Schmecken,3141
5,Saturday,7,B02764,Danach-NY,741
5,Saturday,8,B02512,Unter,580
5,Saturday,8,B02598,Hinter,4224
5,Saturday,8,B02617,Weiter,4502
5,Saturday,8,B02682,Schmecken,4098
5,Saturday,8,B02764,Danach-NY,1007
5,Saturday,9,B02512,Unter,744
5,Saturday,9,B02598,Hinter,5307
5,Saturday,9,B02617,Weiter,5427
5,Saturday,9,B02682,Schmecken,4941
5,Saturday,9,B02764,Danach-NY,1250
5,Saturday,10,B02512,Unter,957
5,Saturday,10,B02598,Hinter,6065
5,Saturday,10,B02617,Weiter,6474
5,Saturday,10,B02682,Schmecken,5652
5,Saturday,10,B02764,Danach-NY,1448
5,Saturday,11,B02512,Unter,1072
5,Saturday,11,B02598,Hinter,6867
5,Saturday,11,B02617,Weiter,7227
5,Saturday,11,B02682,Schmecken,5995
5,Saturday,11,B02764,Danach-NY,1557
5,Saturday,12,B02512,Unter,1131
5,Saturday,12,B02598,Hinter,7310
5,Saturday,12,B02617,Weiter,7857
5,Saturday,12,B02682,Schmecken,6218
5,Saturday,12,B02764,Danach-NY,1782
5,Saturday,13,B02512,Unter,1168
5,Saturday,13,B02598,Hinter,8154
5,Saturday,13,B02617,Weiter,8512
5,Saturday,13,B02682,Schmecken,6883
5,Saturday,13,B02764,Danach-NY,1919
5,Saturday,14,B02512,Unter,1390
5,Saturday,14,B02598,Hinter,9705
5,Saturday,14,B02617,Weiter,9984
5,Saturday,14,B02682,Schmecken,8042
5,Saturday,14,B02764,Danach-NY,2297
5,Saturday,15,B02512,Unter,1660
5,Saturday,15,B02598,Hinter,12129
5,Saturday,15,B02617,Weiter,12158
5,Saturday,15,B02682,Schmecken,10144
5,Saturday,15,B02764,Danach-NY,2678
5,Saturday,16,B02512,Unter,1920
5,Saturday,16,B02598,Hinter,13740
5,Saturday,16,B02617,Weiter,13499
5,Saturday,16,B02682,Schmecken,11454
5,Saturday,16,B02764,Danach-NY,2899
5,Saturday,17,B02512,Unter,1812
5,Saturday,17,B02598,Hinter,13273
5,Saturday,17,B02617,Weiter,13639
5,Saturday,17,B02682,Schmecken,11145
5,Saturday,17,B02764,Danach-NY,2975
5,Saturday,18,B02512,Unter,1977
5,Saturday,18,B02598,Hinter,14286
5,Saturday,18,B02617,Weiter,14317
5,Saturday,18,B02682,Schmecken,12157
5,Saturday,18,B02764,Danach-NY,3146
5,Saturday,19,B02512,Unter,1807
5,Saturday,19,B02598,Hinter,12661
5,Saturday,19,B02617,Weiter,12994
5,Saturday,19,B02682,Schmecken,10698
5,Saturday,19,B02764,Danach-NY,2938
5,Saturday,20,B02512,Unter,1655
5,Saturday,20,B02598,Hinter,12000
5,Saturday,20,B02617,Weiter,12432
5,Saturday,20,B02682,Schmecken,9973
5,Saturday,20,B02764,Danach-NY,2654
5,Saturday,21,B02512,Unter,1902
5,Saturday,21,B02598,Hinter,13854
5,Saturday,21,B02617,Weiter,13956
5,Saturday,21,B02682,Schmecken,11353
5,Saturday,21,B02764,Danach-NY,2761
5,Saturday,22,B02512,Unter,2035
5,Saturday,22,B02598,Hinter,15099
5,Saturday,22,B02617,Weiter,15411
5,Saturday,22,B02682,Schmecken,12505
5,Saturday,22,B02764,Danach-NY,2901
5,Saturday,23,B02512,Unter,1694
5,Saturday,23,B02598,Hinter,13594
5,Saturday,23,B02617,Weiter,13812
5,Saturday,23,B02682,Schmecken,11369
5,Saturday,23,B02764,Danach-NY,2705
6,Sunday,0,B02512,Unter,1134
6,Sunday,0,B02598,Hinter,10068
6,Sunday,0,B02617,Weiter,10711
6,Sunday,0,B02682,Schmecken,8787
6,Sunday,0,B02764,Danach-NY,2177
6,Sunday,1,B02512,Unter,685
6,Sunday,1,B02598,Hinter,6785
6,Sunday,1,B02617,Weiter,7868
6,Sunday,1,B02682,Schmecken,6083
6,Sunday,1,B02764,Danach-NY,1594
6,Sunday,2,B02512,Unter,448
6,Sunday,2,B02598,Hinter,4306
6,Sunday,2,B02617,Weiter,5532
6,Sunday,2,B02682,Schmecken,4032
6,Sunday,2,B02764,Danach-NY,1118
6,Sunday,3,B02512,Unter,268
6,Sunday,3,B02598,Hinter,3101
6,Sunday,3,B02617,Weiter,3767
6,Sunday,3,B02682,Schmecken,2778
6,Sunday,3,B02764,Danach-NY,683
6,Sunday,4,B02512,Unter,167
6,Sunday,4,B02598,Hinter,1948
6,Sunday,4,B02617,Weiter,2179
6,Sunday,4,B02682,Schmecken,1651
6,Sunday,4,B02764,Danach-NY,429
6,Sunday,5,B02512,Unter,187
6,Sunday,5,B02598,Hinter,1842
6,Sunday,5,B02617,Weiter,2023
6,Sunday,5,B02682,Schmecken,1707
6,Sunday,5,B02764,Danach-NY,410
6,Sunday,6,B02512,Unter,263
6,Sunday,6,B02598,Hinter,1906
6,Sunday,6,B02617,Weiter,2168
6,Sunday,6,B02682,Schmecken,1863
6,Sunday,6,B02764,Danach-NY,396
6,Sunday,7,B02512,Unter,397
6,Sunday,7,B02598,Hinter,2467
6,Sunday,7,B02617,Weiter,2861
6,Sunday,7,B02682,Schmecken,2400
6,Sunday,7,B02764,Danach-NY,603
6,Sunday,8,B02512,Unter,592
6,Sunday,8,B02598,Hinter,3518
6,Sunday,8,B02617,Weiter,3945
6,Sunday,8,B02682,Schmecken,3256
6,Sunday,8,B02764,Danach-NY,817
6,Sunday,9,B02512,Unter,825
6,Sunday,9,B02598,Hinter,4804
6,Sunday,9,B02617,Weiter,5371
6,Sunday,9,B02682,Schmecken,4379
6,Sunday,9,B02764,Danach-NY,1022
6,Sunday,10,B02512,Unter,981
6,Sunday,10,B02598,Hinter,5861
6,Sunday,10,B02617,Weiter,6664
6,Sunday,10,B02682,Schmecken,5134
6,Sunday,10,B02764,Danach-NY,1199
6,Sunday,11,B02512,Unter,1123
6,Sunday,11,B02598,Hinter,6920
6,Sunday,11,B02617,Weiter,7500
6,Sunday,11,B02682,Schmecken,5893
6,Sunday,11,B02764,Danach-NY,1420
6,Sunday,12,B02512,Unter,1202
6,Sunday,12,B02598,Hinter,7245
6,Sunday,12,B02617,Weiter,7838
6,Sunday,12,B02682,Schmecken,6106
6,Sunday,12,B02764,Danach-NY,1520
6,Sunday,13,B02512,Unter,1201
6,Sunday,13,B02598,Hinter,8044
6,Sunday,13,B02617,Weiter,8668
6,Sunday,13,B02682,Schmecken,6750
6,Sunday,13,B02764,Danach-NY,1754
6,Sunday,14,B02512,Unter,1291
6,Sunday,14,B02598,Hinter,8457
6,Sunday,14,B02617,Weiter,9431
6,Sunday,14,B02682,Schmecken,7096
6,Sunday,14,B02764,Danach-NY,1876
6,Sunday,15,B02512,Unter,1455
6,Sunday,15,B02598,Hinter,9407
6,Sunday,15,B02617,Weiter,10246
6,Sunday,15,B02682,Schmecken,7966
6,Sunday,15,B02764,Danach-NY,2038
6,Sunday,16,B02512,Unter,1472
6,Sunday,16,B02598,Hinter,10094
6,Sunday,16,B02617,Weiter,11106
6,Sunday,16,B02682,Schmecken,8294
6,Sunday,16,B02764,Danach-NY,2072
6,Sunday,17,B02512,Unter,1325
6,Sunday,17,B02598,Hinter,9610
6,Sunday,17,B02617,Weiter,10724
6,Sunday,17,B02682,Schmecken,7893
6,Sunday,17,B02764,Danach-NY,1969
6,Sunday,18,B02512,Unter,1161
6,Sunday,18,B02598,Hinter,8346
6,Sunday,18,B02617,Weiter,9699
6,Sunday,18,B02682,Schmecken,7096
6,Sunday,18,B02764,Danach-NY,1989
6,Sunday,19,B02512,Unter,1108
6,Sunday,19,B02598,Hinter,7596
6,Sunday,19,B02617,Weiter,8789
6,Sunday,19,B02682,Schmecken,6653
6,Sunday,19,B02764,Danach-NY,1802
6,Sunday,20,B02512,Unter,1018
6,Sunday,20,B02598,Hinter,7428
6,Sunday,20,B02617,Weiter,8546
6,Sunday,20,B02682,Schmecken,6401
6,Sunday,20,B02764,Danach-NY,1683
6,Sunday,21,B02512,Unter,999
6,Sunday,21,B02598,Hinter,7274
6,Sunday,21,B02617,Weiter,7971
6,Sunday,21,B02682,Schmecken,6192
6,Sunday,21,B02764,Danach-NY,1531
6,Sunday,22,B02512,Unter,726
6,Sunday,22,B02598,Hinter,5909
6,Sunday,22,B02617,Weiter,6702
6,Sunday,22,B02682,Schmecken,4983
6,Sunday,22,B02764,Danach-NY,1246
6,Sunday,23,B02512,Unter,462
6,Sunday,23,B02598,Hinter,3716
6,Sunday,23,B02617,Weiter,4143
6,Sunday,23,B02682,Schmecken,3118
6,Sunday,23,B02764,Danach-NY,727
